Rk,Player,Pos,Age,Tm,G,GS,MP,FG,FGA,FG%,3P,3PA,3P%,2P,2PA,2P%,FT,FTA,FT%,ORB,DRB,TRB,AST,STL,BLK,TOV,PF,PTS,0.0,ORtg,DRtg
1,Precious Achiuwa\achiupr01,C,22,TOR,73,28,1725,7.7,17.5,.439,1.6,4.5,.359,6.1,13.0,.468,2.3,3.8,.595,4.2,9.5,13.7,2.4,1.1,1.2,2.4,4.4,19.2,0.0,105,110
2,Steven Adams\adamsst01,C,28,MEM,76,75,1999,5.0,9.2,.547,0.0,0.0,.000,5.0,9.2,.548,2.6,4.8,.543,8.4,9.8,18.2,6.1,1.6,1.4,2.8,3.7,12.6,0.0,125,108
3,Bam Adebayo\adebaba01,C,24,MIA,56,56,1825,11.1,20.0,.557,0.0,0.2,.000,11.1,19.8,.562,7.0,9.3,.753,3.8,11.7,15.5,5.2,2.2,1.2,4.1,4.7,29.3,0.0,117,104
4,Santi Aldama\aldamsa01,PF,21,MEM,32,0,360,7.0,17.5,.402,0.8,6.4,.125,6.2,11.2,.560,2.7,4.3,.625,4.4,7.2,11.6,2.8,0.8,1.3,2.1,4.8,17.5,0.0,101,111
5,LaMarcus Aldridge\aldrila01,C,36,BRK,47,12,1050,11.6,21.1,.550,0.6,2.1,.304,11.0,19.0,.578,4.1,4.7,.873,3.4,8.5,11.9,1.9,0.6,2.2,2.0,3.6,28.0,0.0,119,112
6,Nickeil Alexander-Walker\alexani01,SG,23,TOT,65,21,1466,8.5,22.9,.372,3.5,11.4,.311,5.0,11.5,.433,2.7,3.7,.743,1.2,5.1,6.3,5.3,1.5,0.8,3.1,3.5,23.3,0.0,98,114
7,Grayson Allen\allengr01,SG,26,MIL,66,61,1805,6.8,15.1,.448,4.2,10.4,.409,2.6,4.8,.533,1.7,2.0,.865,0.9,5.1,5.9,2.7,1.2,0.5,1.1,2.6,19.5,0.0,122,114
8,Jarrett Allen\allenja01,C,23,CLE,56,56,1809,10.2,15.0,.677,0.0,0.3,.100,10.2,14.8,.688,4.6,6.4,.708,5.3,11.3,16.6,2.5,1.2,2.1,2.6,2.7,25.0,0.0,132,106
9,Jose Alvarado\alvarjo01,PG,23,NOP,54,1,834,7.8,17.4,.446,1.9,6.5,.291,5.9,10.9,.538,2.1,3.1,.679,1.5,4.4,5.9,9.0,4.2,0.4,2.4,4.3,19.5,0.0,114,109
10,Justin Anderson\anderju01,SF,28,TOT,16,6,316,5.6,14.8,.379,2.3,9.2,.254,3.3,5.6,.583,2.3,3.0,.789,0.6,6.5,7.1,5.1,1.2,0.9,1.2,3.4,15.9,0.0,109,116
11,Kyle Anderson\anderky01,PF,28,MEM,69,11,1484,6.7,15.1,.446,1.2,3.5,.330,5.6,11.6,.481,2.2,3.4,.638,2.2,9.6,11.9,5.9,2.5,1.5,2.3,3.5,16.8,0.0,110,106
12,Giannis Antetokounmpo\antetgi01,PF,27,MIL,67,67,2204,15.0,27.1,.553,1.5,5.3,.293,13.5,21.9,.616,12.1,16.7,.722,2.9,14.0,17.0,8.5,1.6,2.0,4.8,4.6,43.6,0.0,124,106
13,Thanasis Antetokounmpo\antetth01,SF,29,MIL,48,6,473,7.1,13.0,.547,0.2,1.4,.143,6.9,11.6,.596,2.9,4.7,.630,4.1,6.2,10.3,2.2,1.6,1.2,2.6,6.9,17.4,0.0,113,112
14,Carmelo Anthony\anthoca01,PF,37,LAL,69,3,1793,8.5,19.3,.441,4.0,10.6,.375,4.5,8.7,.521,3.5,4.3,.830,1.7,6.0,7.7,1.8,1.3,1.4,1.6,4.4,24.6,0.0,114,114
15,Cole Anthony\anthoco01,PG,21,ORL,65,65,2059,8.4,21.4,.391,3.1,9.2,.338,5.3,12.2,.432,5.1,5.9,.854,0.8,7.4,8.2,8.7,1.1,0.4,4.0,4.0,24.9,0.0,103,114
16,OG Anunoby\anunoog01,SF,24,TOR,48,48,1728,8.9,20.2,.443,3.3,9.2,.363,5.6,11.0,.511,2.6,3.4,.754,2.1,5.5,7.6,3.6,2.1,0.7,2.3,3.8,23.8,0.0,112,111
17,Ryan Arcidiacono\arcidry01,PG,27,NYK,10,0,76,3.9,7.9,.500,2.6,5.9,.444,1.3,2.0,.667,0.0,0.0,0.0,0.0,5.3,5.3,2.6,0.7,0.0,2.0,3.3,10.5,0.0,111,115
18,Trevor Ariza\arizatr01,SF,36,LAL,24,11,462,3.4,10.3,.333,2.1,7.7,.270,1.3,2.6,.520,1.0,1.9,.556,1.0,7.5,8.5,2.8,1.3,0.6,1.1,2.1,10.0,0.0,97,114
19,D.J. Augustin\augusdj01,PG,34,TOT,55,2,883,5.1,12.0,.423,3.7,8.9,.415,1.4,3.1,.448,2.1,2.3,.884,0.6,3.1,3.7,5.8,0.9,0.1,3.0,2.1,15.9,0.0,112,120
20,Deni Avdija\avdijde01,SF,21,WAS,82,8,1984,6.2,14.4,.432,2.0,6.5,.317,4.2,8.0,.525,2.6,3.4,.757,1.3,9.3,10.6,4.2,1.5,1.1,2.2,4.7,17.1,0.0,106,113
21,Joel Ayayi\ayayijo01,SG,21,WAS,7,0,20,2.5,14.8,.167,0.0,2.5,.000,2.5,12.4,.200,0.0,0.0,0.0,2.5,4.9,7.4,9.9,0.0,0.0,0.0,0.0,4.9,0.0,79,120
22,Deandre Ayton\aytonde01,C,23,PHO,58,58,1713,12.4,19.6,.634,0.2,0.5,.368,12.2,19.0,.642,3.0,4.0,.746,4.2,12.5,16.7,2.4,1.1,1.1,2.6,4.0,28.0,0.0,124,105
23,Udoka Azubuike\azubuud01,C,22,UTA,17,6,195,9.4,12.4,.755,0.0,0.0,0.0,9.4,12.4,.755,1.5,2.8,.545,4.6,13.4,18.0,0.0,0.3,2.8,3.0,6.3,20.3,0.0,124,107
24,Marvin Bagley III\baglema01,PF,22,TOT,48,25,1146,9.5,18.8,.504,1.0,4.1,.237,8.5,14.7,.579,2.8,4.3,.663,4.4,9.8,14.3,1.5,0.9,0.8,1.6,3.9,22.8,0.0,112,114
25,LaMelo Ball\ballla01,PG,20,CHO,75,75,2422,10.7,24.8,.429,4.4,11.2,.389,6.3,13.7,.462,4.2,4.8,.872,2.1,7.8,9.9,11.3,2.4,0.6,4.9,4.7,29.9,0.0,111,112
26,Lonzo Ball\balllo01,PG,24,CHI,35,35,1212,6.5,15.4,.423,4.4,10.5,.423,2.1,5.0,.423,0.8,1.1,.750,1.4,6.2,7.7,7.2,2.6,1.2,3.3,3.4,18.3,0.0,110,111
27,Mo Bamba\bambamo01,C,23,ORL,71,69,1824,7.8,16.4,.480,2.8,7.5,.381,5.0,8.9,.563,1.5,1.9,.781,3.9,11.2,15.2,2.3,1.0,3.1,2.0,4.8,20.0,0.0,113,108
28,Desmond Bane\banede01,SF,23,MEM,76,76,2266,10.7,23.2,.461,4.8,11.0,.436,5.9,12.2,.484,3.0,3.3,.903,1.0,6.1,7.1,4.4,1.9,0.6,2.3,4.1,29.2,0.0,119,110
29,Dalano Banton\bantoda01,PG,22,TOR,64,1,696,6.0,14.5,.411,0.9,3.7,.255,5.0,10.8,.464,1.9,3.2,.591,2.7,6.2,8.9,7.1,2.0,0.7,3.8,4.9,14.7,0.0,98,111
30,Cat Barber\barbeca01,PG,27,ATL,3,0,13,0.0,15.1,.000,0.0,0.0,0.0,0.0,15.1,.000,0.0,15.1,.000,3.8,7.6,11.3,11.3,0.0,0.0,3.8,3.8,0.0,0.0,38,119
31,Harrison Barnes\barneha02,PF,29,SAC,77,77,2587,7.3,15.5,.469,2.6,6.7,.394,4.6,8.8,.525,6.3,7.7,.826,1.5,6.5,8.0,3.5,1.0,0.3,2.2,1.7,23.5,0.0,121,118
32,Scottie Barnes\barnesc01,PF,20,TOR,74,74,2617,8.8,17.8,.492,1.1,3.7,.301,7.7,14.1,.543,3.0,4.1,.735,3.7,6.9,10.6,4.9,1.5,1.1,2.6,3.7,21.7,0.0,116,111
33,RJ Barrett\barrerj01,SF,21,NYK,70,70,2417,10.1,24.7,.408,2.9,8.4,.342,7.2,16.4,.442,6.0,8.4,.714,1.4,7.1,8.4,4.3,0.9,0.3,3.1,2.9,29.0,0.0,103,113
34,Will Barton\bartowi01,SG,31,DEN,71,71,2277,8.4,19.3,.438,3.4,9.3,.365,5.1,10.0,.504,2.2,2.7,.803,0.9,6.4,7.3,5.9,1.2,0.7,2.7,2.5,22.5,0.0,108,114
35,Paris Bass\basspa01,SF,26,PHO,2,0,7,13.7,41.2,.333,0.0,13.7,.000,13.7,27.5,.500,13.7,13.7,1.000,13.7,13.7,27.5,0.0,6.9,0.0,13.7,13.7,41.2,0.0,82,92
36,Charles Bassey\bassech01,PF,21,PHI,23,0,168,8.9,14.0,.638,0.0,1.2,.000,8.9,12.8,.698,2.7,3.6,.750,6.5,11.9,18.4,2.1,1.5,5.0,2.4,9.5,20.5,0.0,129,103
37,Keita Bates-Diop\bateske01,SF,26,SAS,59,14,956,6.8,13.2,.517,0.9,2.8,.309,6.0,10.4,.572,2.3,3.1,.754,3.1,8.5,11.6,2.1,1.4,0.7,2.3,3.1,16.8,0.0,111,112
38,Nicolas Batum\batumni01,PF,33,LAC,59,54,1462,6.0,13.0,.463,3.6,9.0,.400,2.4,3.9,.607,0.8,1.3,.658,1.0,7.5,8.5,3.4,1.9,1.4,1.3,2.7,16.5,0.0,118,109
39,Kent Bazemore\bazemke01,SF,32,LAL,39,14,545,4.0,12.2,.324,2.6,7.0,.363,1.4,5.2,.271,1.1,1.5,.765,1.1,4.9,6.1,3.0,2.2,0.8,1.8,6.2,11.6,0.0,93,113
40,Darius Bazley\bazleda01,PF,21,OKC,69,53,1924,6.9,16.4,.422,2.0,6.8,.297,4.9,9.6,.511,3.0,4.3,.688,1.8,9.2,11.0,2.5,1.5,1.8,2.3,1.7,18.9,0.0,101,111
41,Bradley Beal\bealbr01,SG,28,WAS,40,40,1439,12.0,26.5,.451,2.2,7.2,.300,9.8,19.3,.508,5.8,7.0,.833,1.3,5.2,6.5,9.1,1.2,0.5,4.6,3.3,31.9,0.0,106,117
42,Malik Beasley\beaslma01,SG,25,MIN,79,18,1976,8.0,20.5,.391,5.8,15.3,.377,2.2,5.1,.432,1.2,1.4,.817,0.6,4.8,5.5,2.8,1.0,0.3,1.0,2.1,22.9,0.0,111,116
43,Jordan Bell\belljo01,C,27,CHI,1,0,2,0.0,0.0,0.0,0.0,0.0,0.0,0.0,0.0,0.0,0.0,0.0,0.0,24.4,0.0,24.4,0.0,24.4,0.0,0.0,48.8,0.0,0.0,223,65
44,DeAndre' Bembry\bembrde01,SF,27,TOT,56,20,1026,5.9,10.4,.561,0.7,1.7,.417,5.1,8.7,.589,1.0,1.7,.600,2.0,5.7,7.7,3.1,2.3,1.2,1.5,5.3,13.4,0.0,119,112
45,Dāvis Bertāns\bertada01,PF,29,TOT,56,0,807,6.1,17.0,.360,4.8,14.2,.335,1.4,2.8,.489,2.2,2.5,.900,0.7,6.5,7.2,1.9,1.0,0.7,1.2,5.2,19.2,0.0,106,114
46,Patrick Beverley\beverpa01,PG,33,MIN,58,54,1476,5.7,14.1,.406,2.7,7.8,.343,3.0,6.3,.485,3.1,4.3,.722,2.0,5.7,7.7,8.6,2.2,1.7,2.4,5.6,17.2,0.0,119,111
47,Saddiq Bey\beysa01,SF,22,DET,82,82,2704,8.1,20.5,.396,3.8,11.0,.346,4.3,9.5,.454,3.8,4.6,.827,1.9,6.0,8.0,4.2,1.3,0.3,1.7,2.3,23.8,0.0,110,116
48,Khem Birch\birchkh01,C,29,TOR,55,28,991,4.9,10.1,.485,0.0,0.7,.000,4.9,9.4,.522,2.7,3.6,.746,6.2,5.9,12.1,2.8,1.5,1.3,1.5,5.2,12.5,0.0,124,111
49,Goga Bitadze\bitadgo01,C,22,IND,50,16,729,8.8,16.9,.520,1.5,5.4,.288,7.3,11.6,.628,4.3,6.3,.681,5.3,6.6,11.9,3.7,1.4,2.8,3.1,7.2,23.4,0.0,118,114
50,Bismack Biyombo\biyombi01,C,29,PHO,36,3,506,8.2,13.8,.593,0.0,0.0,0.0,8.2,13.8,.593,3.6,6.8,.535,6.0,9.9,15.9,2.2,1.1,2.5,2.4,6.7,20.0,0.0,119,105
51,Nemanja Bjelica\bjeline01,C,33,GSW,71,0,1142,6.8,14.6,.468,2.3,6.4,.362,4.5,8.2,.549,2.5,3.5,.728,2.6,9.9,12.6,6.8,1.8,1.1,3.7,5.5,18.5,0.0,111,105
52,Eric Bledsoe\bledser01,PG,32,LAC,54,29,1361,7.1,16.8,.421,1.8,5.9,.313,5.3,11.0,.479,3.2,4.2,.761,1.0,5.5,6.6,8.1,2.5,0.7,4.2,3.1,19.2,0.0,100,110
53,Keljin Blevins\blevike01,SF,26,POR,31,1,349,4.8,15.5,.306,2.9,10.1,.292,1.8,5.5,.333,0.8,1.5,.545,2.2,4.1,6.3,2.7,1.8,0.1,2.4,4.1,13.3,0.0,86,119
54,Bogdan Bogdanović\bogdabo01,SG,29,ATL,63,27,1848,9.1,21.1,.431,4.5,12.2,.368,4.6,8.9,.516,2.6,3.1,.843,0.8,5.9,6.6,5.2,1.8,0.4,1.9,3.5,25.3,0.0,114,116
55,Bojan Bogdanović\bogdabo02,PF,32,UTA,69,69,2131,9.8,21.5,.455,4.2,10.9,.387,5.6,10.7,.524,5.2,6.0,.858,1.3,5.5,6.9,2.8,0.8,0.0,2.7,2.7,28.9,0.0,116,115
56,Bol Bol\bolbo01,PF,22,DEN,14,0,81,9.1,16.4,.556,0.6,2.4,.250,8.5,13.9,.609,1.2,3.0,.400,2.4,9.7,12.1,3.0,0.6,1.2,2.4,2.4,20.0,0.0,107,112
57,Leandro Bolmaro\bolmale01,SF,21,MIN,35,2,241,3.4,10.7,.315,1.0,3.6,.278,2.4,7.1,.333,2.2,2.6,.846,3.2,5.3,8.5,4.1,1.2,0.0,2.6,5.1,9.9,0.0,96,115
58,Isaac Bonga\bongais01,SF,22,TOR,15,0,69,2.2,9.4,.231,0.7,2.9,.250,1.4,6.5,.222,3.6,5.8,.625,2.9,2.2,5.1,2.9,5.8,1.4,1.4,7.2,8.7,0.0,92,104
59,Devin Booker\bookede01,SG,25,PHO,68,68,2345,13.6,29.2,.466,3.8,9.8,.383,9.8,19.4,.508,6.5,7.4,.868,0.9,6.1,7.0,6.8,1.6,0.5,3.3,3.7,37.4,0.0,113,109
60,Brandon Boston Jr.\bostobr01,SG,20,LAC,51,0,760,8.1,21.0,.385,2.2,7.2,.306,5.9,13.8,.425,3.8,4.6,.819,1.1,6.1,7.2,3.3,1.7,0.8,2.0,2.8,22.1,0.0,98,111
61,Chris Boucher\bouchch01,PF,29,TOR,80,9,1690,7.9,17.1,.464,2.0,6.8,.297,5.9,10.3,.575,4.4,5.7,.777,5.3,9.3,14.6,0.7,1.4,2.2,1.2,5.1,22.3,0.0,124,108
62,James Bouknight\bouknja01,SG,21,CHO,31,0,304,7.7,22.3,.348,2.7,7.7,.347,5.1,14.5,.348,4.3,4.9,.871,3.5,4.7,8.2,4.1,1.1,0.2,2.4,4.6,22.4,0.0,100,117
63,Avery Bradley\bradlav01,SG,31,LAL,62,45,1406,5.0,11.9,.423,2.8,7.2,.390,2.3,4.8,.471,0.5,0.6,.889,1.1,3.6,4.6,1.6,1.8,0.3,1.3,4.0,13.4,0.0,106,116
64,Tony Bradley\bradlto01,C,24,CHI,55,7,549,6.4,10.9,.585,0.0,0.0,0.0,6.4,10.9,.585,1.7,2.6,.655,6.0,10.6,16.5,2.4,0.9,2.9,3.0,5.5,14.5,0.0,115,110
65,Ignas Brazdeikis\brazdig01,SF,23,ORL,42,1,536,7.3,17.0,.431,2.4,7.9,.310,4.9,9.1,.535,1.9,2.9,.656,2.1,4.4,6.5,3.3,0.9,0.3,1.5,4.3,19.0,0.0,106,116
66,Mikal Bridges\bridgmi01,SF,25,PHO,82,82,2854,7.7,14.5,.534,1.9,5.3,.369,5.8,9.2,.628,2.2,2.6,.834,1.2,4.6,5.9,3.1,1.6,0.6,1.1,2.5,19.6,0.0,125,110
67,Miles Bridges\bridgmi02,PF,23,CHO,80,80,2837,10.1,20.5,.491,2.6,7.9,.331,7.5,12.7,.590,4.5,5.6,.802,1.5,7.9,9.5,5.1,1.3,1.1,2.5,3.3,27.3,0.0,117,114
68,Oshae Brissett\brissos01,SF,23,IND,67,25,1564,6.5,15.8,.411,2.6,7.4,.350,3.9,8.4,.465,3.6,5.1,.695,3.4,7.8,11.2,2.3,1.4,0.9,1.7,3.6,19.2,0.0,112,116
69,Malcolm Brogdon\brogdma01,PG,29,IND,36,36,1206,9.9,22.1,.448,2.4,7.6,.312,7.5,14.5,.518,5.8,6.8,.856,1.3,6.2,7.5,8.6,1.2,0.6,3.1,2.9,27.9,0.0,116,118
70,Armoni Brooks\brookar01,SG-PG,23,TOT,54,11,844,5.6,16.4,.339,4.2,14.2,.297,1.4,2.3,.600,1.0,1.2,.857,1.1,4.7,5.9,3.5,1.6,0.6,1.5,4.2,16.4,0.0,101,117
71,Dillon Brooks\brookdi01,SF,26,MEM,32,31,885,12.3,28.4,.432,2.5,8.1,.309,9.8,20.4,.480,4.9,5.7,.849,1.6,3.9,5.5,4.8,1.9,0.4,2.7,5.7,31.9,0.0,108,112
72,Bruce Brown\brownbr01,SF,25,BRK,72,45,1774,7.0,13.8,.506,1.0,2.6,.404,6.0,11.3,.529,2.7,3.5,.758,2.7,6.7,9.4,4.0,2.1,1.4,1.5,4.8,17.7,0.0,121,111
73,Charlie Brown Jr.\brownch02,SG,24,TOT,22,2,177,2.8,11.0,.256,0.3,3.4,.083,2.5,7.6,.333,2.5,2.8,.900,3.9,5.1,9.0,1.7,2.8,1.1,1.4,5.1,8.5,0.0,88,109
74,Chaundee Brown Jr.\brownch05,SG-SF,23,TOT,5,2,104,4.7,15.0,.313,2.8,8.5,.333,1.9,6.6,.286,2.4,2.8,.833,0.5,7.1,7.5,1.9,0.9,0.0,0.5,3.3,14.6,0.0,98,117
75,Greg Brown III\browngr01,SF,20,POR,48,6,640,6.2,14.5,.426,1.5,4.7,.311,4.7,9.8,.481,3.4,5.0,.677,2.9,7.4,10.3,2.7,2.0,1.8,2.7,6.9,17.2,0.0,102,114
76,Jaylen Brown\brownja02,SF,25,BOS,66,66,2220,12.9,27.2,.473,3.7,10.4,.358,9.2,16.9,.544,5.4,7.1,.758,1.2,7.9,9.0,5.2,1.6,0.4,4.0,3.6,34.9,0.0,109,108
77,Moses Brown\brownmo01,C,22,TOT,40,6,345,9.3,15.7,.593,0.0,0.0,0.0,9.3,15.7,.593,6.2,10.5,.597,5.7,13.9,19.6,0.1,1.0,2.3,2.9,7.7,24.8,0.0,115,105
78,Sterling Brown\brownst02,SG,26,DAL,49,3,628,4.7,12.4,.381,2.2,7.4,.304,2.5,5.0,.492,1.1,1.2,.933,2.1,9.9,11.9,2.7,1.1,0.6,1.8,4.5,12.8,0.0,102,109
79,Troy Brown Jr.\browntr01,SF,22,CHI,66,7,1055,5.0,11.9,.419,2.2,6.2,.353,2.8,5.8,.488,0.9,1.2,.769,1.8,7.6,9.4,3.1,1.7,0.2,1.2,2.9,13.1,0.0,110,114
80,Jalen Brunson\brunsja01,PG,25,DAL,79,61,2524,10.1,20.1,.502,1.9,5.0,.373,8.2,15.1,.545,3.6,4.2,.840,0.9,5.3,6.2,7.5,1.3,0.1,2.5,3.0,25.6,0.0,118,112
81,Thomas Bryant\bryanth01,C,24,WAS,27,9,439,8.7,16.7,.520,1.4,4.7,.286,7.3,11.9,.613,3.9,4.5,.875,2.9,9.2,12.2,2.6,0.7,2.4,2.1,4.8,22.6,0.0,118,113
82,Shaq Buchanan\buchash01,PG,25,MEM,2,0,10,4.8,19.1,.250,0.0,9.6,.000,4.8,9.6,.500,0.0,0.0,0.0,4.8,4.8,9.6,9.6,4.8,0.0,9.6,4.8,9.6,0.0,61,106
83,Reggie Bullock\bullore01,SF,30,DAL,68,37,1902,5.3,13.3,.401,3.7,10.4,.360,1.6,2.9,.550,1.1,1.3,.833,0.9,5.5,6.4,2.2,1.1,0.4,1.1,2.9,15.4,0.0,111,112
84,Trey Burke\burketr01,PG,29,DAL,42,0,441,9.6,24.5,.391,3.0,9.4,.317,6.6,15.2,.436,2.3,2.6,.870,0.5,3.3,3.8,6.5,1.4,0.0,3.0,4.5,24.4,0.0,97,113
85,Alec Burks\burksal01,SG,30,NYK,81,44,2318,6.2,15.7,.391,3.4,8.4,.404,2.8,7.3,.378,4.7,5.7,.822,1.0,7.6,8.6,5.2,1.8,0.6,2.0,4.6,20.4,0.0,117,110
86,Jared Butler\butleja02,SG,21,UTA,42,1,360,8.4,20.7,.404,3.8,12.1,.318,4.5,8.6,.524,1.5,2.2,.688,0.7,5.5,6.2,8.6,2.3,1.1,4.5,6.5,22.1,0.0,102,109
87,Jimmy Butler\butleji01,SF,32,MIA,57,57,1931,10.3,21.5,.480,0.7,3.0,.233,9.6,18.5,.520,10.3,11.8,.870,2.6,6.1,8.7,8.1,2.4,0.7,3.1,2.3,31.6,0.0,124,108
88,Devontae Cacok\cacokde01,PF,25,SAS,15,0,121,8.3,12.3,.677,0.0,0.0,0.0,8.3,12.3,.677,1.6,2.8,.571,3.2,13.5,16.7,2.4,3.2,2.8,1.2,6.3,18.2,0.0,132,102
89,Kentavious Caldwell-Pope\caldwke01,SG,28,WAS,77,77,2329,7.7,17.6,.435,3.4,8.7,.390,4.3,8.9,.480,2.9,3.3,.890,0.9,4.7,5.5,3.1,1.8,0.6,2.1,3.0,21.6,0.0,109,116
90,Facundo Campazzo\campafa01,PG,30,DEN,65,4,1184,4.4,12.3,.361,2.4,8.0,.301,2.0,4.3,.476,2.5,3.2,.769,1.0,3.9,4.8,9.1,2.6,1.0,2.8,5.1,13.8,0.0,109,111
91,Vlatko Čančar\cancavl01,PF,24,DEN,15,1,176,6.4,11.4,.561,2.0,3.3,.583,4.5,8.1,.552,2.5,3.9,.643,2.2,6.4,8.6,4.7,0.6,0.8,2.5,5.0,17.3,0.0,122,115
92,Devin Cannady\cannade01,PG,25,ORL,5,0,145,5.0,14.7,.341,5.0,12.3,.405,0.0,2.3,.000,1.7,2.3,.714,0.3,1.7,2.0,3.3,1.7,1.0,1.7,3.0,16.7,0.0,103,115
93,Clint Capela\capelca01,C,27,ATL,74,73,2042,8.9,14.5,.613,0.0,0.0,.000,8.9,14.5,.614,1.9,4.1,.473,6.7,14.4,21.1,2.2,1.3,2.2,1.1,4.0,19.7,0.0,132,109
94,Vernon Carey Jr.\careyve01,C,20,TOT,7,1,44,7.8,14.4,.538,0.0,0.0,0.0,7.8,14.4,.538,6.7,14.4,.462,8.9,4.4,13.3,0.0,2.2,1.1,3.3,4.4,22.2,0.0,108,114
95,Jevon Carter\carteje01,PG,26,TOT,66,3,905,5.2,13.5,.387,3.5,9.1,.388,1.7,4.4,.386,0.8,1.0,.833,0.7,5.1,5.9,5.1,1.3,0.7,1.8,3.6,14.8,0.0,110,114
96,Wendell Carter Jr.\cartewe01,C,22,ORL,62,61,1852,9.4,17.9,.525,1.8,5.6,.327,7.5,12.3,.615,3.7,5.4,.691,3.6,13.3,16.9,4.5,0.9,1.1,3.1,4.4,24.3,0.0,115,110
97,Alex Caruso\carusal01,SG,27,CHI,41,18,1147,4.3,10.9,.398,1.8,5.4,.333,2.6,5.5,.462,2.5,3.1,.795,1.4,4.9,6.3,7.0,3.0,0.6,2.4,4.5,12.9,0.0,110,112
98,Willie Cauley-Stein\caulewi01,C,28,TOT,20,2,183,4.4,9.6,.457,0.3,0.5,.500,4.1,9.1,.455,0.3,0.5,.500,3.6,7.4,11.0,2.7,1.6,0.8,1.9,5.2,9.3,0.0,103,109
99,Ahmad Caver\caverah01,PG,25,IND,1,0,1,49.0,49.0,1.000,0.0,0.0,0.0,49.0,49.0,1.000,0.0,0.0,0.0,0.0,0.0,0.0,0.0,0.0,0.0,0.0,0.0,98.0,0.0,200,125
100,Justin Champagnie\champju01,SF,20,TOR,36,0,281,5.5,11.9,.463,1.8,5.0,.357,3.7,6.9,.538,1.6,1.6,1.000,6.6,6.2,12.8,2.0,1.4,0.7,1.4,5.7,14.4,0.0,128,112
101,Zylan Cheatham\cheatzy01,SF,26,UTA,1,0,5,0.0,29.7,.000,0.0,19.8,.000,0.0,9.9,.000,0.0,0.0,0.0,0.0,0.0,0.0,0.0,0.0,0.0,0.0,0.0,0.0,0.0,0,120
102,Chris Chiozza\chiozch01,PG,26,GSW,34,1,372,3.1,10.6,.296,2.2,6.9,.321,0.9,3.7,.250,0.3,0.4,.667,1.2,3.5,4.7,8.5,1.7,0.0,4.2,4.2,8.8,0.0,88,110
103,Marquese Chriss\chrisma01,PF,24,DAL,34,0,346,9.0,19.5,.463,1.2,3.6,.320,7.9,15.9,.495,3.2,4.8,.667,4.8,10.2,15.0,2.5,1.9,1.7,2.5,9.3,22.4,0.0,107,105
104,Josh Christopher\chrisjo01,SG,20,HOU,74,2,1334,8.0,17.8,.448,2.0,6.7,.296,6.0,11.1,.540,3.0,4.0,.735,1.9,4.8,6.6,5.4,2.3,0.5,4.1,3.5,20.9,0.0,101,117
105,Gary Clark\clarkga01,PF,27,NOP,38,1,378,4.3,11.5,.375,3.7,9.1,.400,0.7,2.4,.278,0.9,1.3,.700,3.0,8.7,11.8,2.4,1.7,0.9,1.3,2.6,13.2,0.0,116,112
106,Brandon Clarke\clarkbr01,PF,25,MEM,64,1,1246,11.1,17.2,.644,0.2,0.8,.227,10.9,16.3,.666,3.3,5.0,.654,5.2,7.9,13.1,3.3,1.5,2.6,1.3,4.7,25.6,0.0,138,108
107,Jordan Clarkson\clarkjo01,SG,29,UTA,79,1,2141,10.8,25.7,.419,4.4,13.8,.318,6.4,11.9,.535,3.3,4.0,.828,1.5,4.8,6.3,4.5,1.5,0.4,3.0,3.4,29.2,0.0,108,113
108,Nic Claxton\claxtni01,C,22,BRK,47,19,974,8.9,13.1,.674,0.0,0.0,0.0,8.9,13.1,.674,2.7,4.6,.581,4.5,8.6,13.1,2.1,1.2,2.5,1.9,5.5,20.4,0.0,130,111
109,Amir Coffey\coffeam01,SG,24,LAC,69,30,1567,6.6,14.6,.453,3.0,7.9,.378,3.6,6.6,.542,3.2,3.7,.863,0.8,5.3,6.2,3.9,1.2,0.5,1.4,2.7,19.4,0.0,120,113
110,John Collins\collijo01,PF,24,ATL,54,53,1663,10.0,19.0,.526,1.9,5.2,.364,8.1,13.8,.588,4.0,5.0,.793,2.7,9.7,12.5,2.9,1.0,1.7,1.8,4.8,25.9,0.0,122,114
111,Zach Collins\colliza01,PF,24,SAS,28,4,502,7.3,14.8,.490,1.3,3.9,.341,5.9,10.9,.544,5.0,6.2,.800,4.4,10.2,14.6,5.8,1.2,2.2,4.3,6.4,20.8,0.0,112,109
112,Darren Collison\collida01,PG,34,LAL,3,0,37,2.6,9.1,.286,0.0,3.9,.000,2.6,5.2,.500,0.0,0.0,0.0,0.0,5.2,5.2,2.6,1.3,0.0,1.3,6.5,5.2,0.0,65,116
113,Mike Conley\conlemi01,PG,34,UTA,72,72,2058,8.3,19.0,.435,4.1,9.9,.408,4.2,9.1,.464,3.1,3.9,.796,1.1,4.1,5.2,9.2,2.3,0.5,3.0,3.4,23.7,0.0,120,111
114,Pat Connaughton\connapa01,SG,29,MIL,65,19,1691,6.4,14.1,.458,4.1,10.5,.395,2.3,3.6,.643,1.3,1.5,.833,1.3,6.5,7.8,2.3,1.7,0.4,1.0,2.4,18.3,0.0,124,113
115,Tyler Cook\cookty01,PF,24,CHI,20,2,200,5.6,9.3,.605,0.0,0.0,0.0,5.6,9.3,.605,5.1,7.8,.656,3.9,9.0,12.9,0.7,1.0,1.0,1.7,6.8,16.4,0.0,126,113
116,Sharife Cooper\coopesh01,PG,20,ATL,13,0,39,3.8,17.6,.214,1.3,7.6,.167,2.5,10.1,.250,0.0,0.0,0.0,0.0,6.3,6.3,6.3,0.0,0.0,6.3,1.3,8.8,0.0,53,120
117,Petr Cornelie\cornepe01,PF,26,DEN,13,0,38,6.5,19.4,.333,1.3,10.3,.125,5.2,9.0,.571,3.9,5.2,.750,9.0,9.0,18.1,3.9,1.3,1.3,5.2,9.0,18.1,0.0,93,111
118,DeMarcus Cousins\couside01,C,31,TOT,48,7,718,10.1,21.9,.460,2.5,8.3,.303,7.6,13.7,.554,6.4,8.5,.760,5.0,13.3,18.3,4.8,2.4,1.4,5.8,9.4,29.1,0.0,105,106
119,Robert Covington\covinro01,PF-SF,31,TOT,71,42,1940,5.3,12.6,.420,3.2,8.5,.378,2.0,4.0,.509,1.5,1.7,.841,1.5,8.4,9.9,2.3,2.6,2.3,1.9,4.8,15.2,0.0,108,110
120,Torrey Craig\craigto01,SF,31,TOT,78,16,1596,6.1,13.4,.454,2.3,7.1,.329,3.8,6.3,.594,1.2,1.6,.750,2.6,6.8,9.5,2.8,1.4,1.1,2.0,4.6,15.7,0.0,110,113
121,Jae Crowder\crowdja01,PF,31,PHO,67,67,1886,5.5,13.9,.399,3.2,9.3,.348,2.3,4.6,.503,1.8,2.3,.789,0.8,8.3,9.0,3.2,2.4,0.8,1.4,4.4,16.1,0.0,109,105
122,Jarrett Culver\culveja01,SG,22,MEM,37,0,338,7.2,19.1,.378,1.7,6.7,.255,5.5,12.5,.443,2.3,4.8,.471,1.8,5.0,6.8,4.7,2.8,0.7,2.8,5.9,18.4,0.0,93,109
123,Jarron Cumberland\cumbeja01,SG,24,POR,3,0,12,4.1,8.1,.500,0.0,4.1,.000,4.1,4.1,1.000,0.0,0.0,0.0,4.1,8.1,12.2,4.1,0.0,0.0,0.0,8.1,8.1,0.0,136,121
124,Cade Cunningham\cunnica01,PG,20,DET,64,64,2088,10.0,24.1,.416,2.7,8.5,.314,7.4,15.6,.472,3.3,3.9,.845,1.4,6.9,8.3,8.3,1.8,1.0,5.5,4.7,26.0,0.0,96,113
125,Seth Curry\curryse01,SG,31,TOT,64,64,2135,8.3,17.1,.487,3.7,8.7,.422,4.7,8.5,.553,1.9,2.2,.872,0.5,4.1,4.6,5.3,1.2,0.3,2.5,3.4,22.3,0.0,115,115
126,Stephen Curry\curryst01,PG,33,GSW,64,64,2211,11.8,27.0,.437,6.3,16.5,.380,5.5,10.5,.527,6.1,6.6,.923,0.7,6.6,7.4,8.9,1.9,0.5,4.5,2.9,35.9,0.0,115,108
127,Anthony Davis\davisan02,C,28,LAL,40,40,1404,12.6,23.7,.532,0.4,2.4,.186,12.2,21.3,.571,5.9,8.3,.713,3.6,9.8,13.5,4.2,1.7,3.1,2.8,3.3,31.6,0.0,115,109
128,Ed Davis\davised01,C,32,CLE,31,3,201,2.7,4.0,.688,0.0,0.0,0.0,2.7,4.0,.688,1.5,3.5,.429,3.5,12.4,15.9,1.7,0.7,2.2,1.2,8.2,7.0,0.0,126,106
129,Terence Davis\daviste02,SG,24,SAC,30,11,536,10.1,24.0,.423,4.4,13.4,.329,5.7,10.6,.542,3.2,3.9,.818,1.0,7.5,8.4,3.6,2.2,1.0,3.0,6.3,27.9,0.0,103,113
130,Gabriel Deck\deckga01,PF,26,OKC,7,0,56,7.0,12.2,.571,1.7,3.5,.500,5.2,8.7,.600,0.0,0.0,0.0,0.9,4.3,5.2,4.3,0.9,0.0,1.7,1.7,15.7,0.0,121,117
131,Dewayne Dedmon\dedmode01,C,32,MIA,67,15,1065,7.7,13.6,.566,0.9,2.2,.404,6.8,11.4,.597,3.5,4.7,.750,4.9,13.2,18.1,2.2,1.1,2.0,3.3,8.2,19.8,0.0,117,105
132,Sam Dekker\dekkesa01,PF,27,TOR,1,0,1,0.0,0.0,0.0,0.0,0.0,0.0,0.0,0.0,0.0,0.0,0.0,0.0,0.0,0.0,0.0,0.0,0.0,0.0,0.0,0.0,0.0,0.0,0.0,120
133,Javin DeLaurier\delauja01,C,23,MIL,1,0,3,0.0,0.0,0.0,0.0,0.0,0.0,0.0,0.0,0.0,0.0,0.0,0.0,0.0,16.0,16.0,0.0,16.0,0.0,0.0,16.0,0.0,0.0,0.0,74
134,DeMar DeRozan\derozde01,PF,32,CHI,76,76,2743,13.8,27.3,.504,0.9,2.5,.352,12.9,24.8,.520,9.3,10.6,.877,1.0,6.0,7.0,6.7,1.2,0.4,3.2,3.2,37.7,0.0,117,115
135,Mamadi Diakite\diakima01,PF,25,OKC,13,3,188,6.5,12.2,.532,0.0,1.3,.000,6.5,10.9,.595,1.6,2.9,.545,4.4,10.9,15.3,0.5,1.3,2.3,1.8,8.6,14.5,0.0,107,109
136,Cheick Diallo\diallch01,C,25,DET,3,0,31,4.7,12.6,.375,0.0,0.0,0.0,4.7,12.6,.375,7.9,9.4,.833,6.3,12.6,18.9,0.0,1.6,0.0,1.6,9.4,17.3,0.0,115,111
137,Hamidou Diallo\diallha01,SG,23,DET,58,29,1269,10.0,20.2,.496,0.9,3.6,.247,9.2,16.6,.550,3.5,5.4,.650,2.7,8.0,10.7,2.8,2.7,0.7,2.2,5.5,24.5,0.0,107,111
138,Gorgui Dieng\dienggo01,C,32,ATL,44,3,371,7.0,14.8,.473,3.8,9.0,.426,3.2,5.8,.545,2.5,3.4,.731,4.2,11.8,16.0,4.5,1.5,1.7,2.6,6.9,20.4,0.0,123,111
139,Spencer Dinwiddie\dinwisp01,PG,28,TOT,67,51,1980,7.7,18.5,.416,2.8,8.3,.339,4.9,10.2,.479,4.9,6.3,.774,1.1,5.9,7.0,8.7,1.1,0.3,2.6,3.8,23.1,0.0,114,115
140,Donte DiVincenzo\divindo01,SG,25,TOT,42,1,1006,5.6,16.1,.351,3.5,10.4,.339,2.1,5.6,.373,3.3,4.0,.843,1.9,6.2,8.1,5.6,2.3,0.4,3.4,3.3,18.2,0.0,102,113
141,Luka Dončić\doncilu01,PG,22,DAL,65,65,2301,14.0,30.7,.457,4.4,12.4,.353,9.6,18.2,.528,8.0,10.7,.744,1.2,11.7,13.0,12.4,1.6,0.8,6.4,3.2,40.4,0.0,110,107
142,Luguentz Dort\dortlu01,SF,22,OKC,51,51,1665,8.6,21.2,.404,3.8,11.4,.332,4.8,9.8,.487,4.7,5.6,.843,1.1,5.1,6.2,2.6,1.3,0.5,2.6,4.4,25.7,0.0,104,115
143,Ayo Dosunmu\dosunay01,SG,22,CHI,77,40,2110,6.4,12.4,.520,1.6,4.3,.376,4.8,8.1,.596,1.2,1.8,.679,0.6,4.3,5.0,5.9,1.4,0.7,2.5,4.2,15.7,0.0,113,115
144,Damyean Dotson\dotsoda01,SG,27,NYK,2,0,21,4.8,9.5,.500,0.0,2.4,.000,4.8,7.1,.667,0.0,0.0,0.0,0.0,4.8,4.8,2.4,0.0,0.0,0.0,0.0,9.5,0.0,113,117
145,Devon Dotson\dotsode01,PG,22,CHI,11,0,85,6.3,13.2,.478,1.1,5.2,.222,5.2,8.0,.643,2.9,5.2,.556,0.6,4.6,5.2,8.6,0.6,0.0,2.9,6.3,16.7,0.0,109,118
146,Sekou Doumbouya\doumbse01,PF,21,LAL,2,0,16,15.0,24.0,.625,3.0,6.0,.500,12.0,18.0,.667,9.0,12.0,.750,6.0,12.0,18.0,0.0,9.0,6.0,6.0,3.0,41.9,0.0,117,87
147,Jeff Dowtin\dowtije01,PG,24,TOT,9,0,108,3.6,11.7,.308,0.4,4.0,.111,3.1,7.6,.412,0.9,0.9,1.000,3.6,4.5,8.1,4.5,2.2,0.4,2.2,2.2,8.5,0.0,87,112
148,PJ Dozier\doziepj01,SG,25,DEN,18,0,340,5.2,14.3,.364,2.2,6.9,.313,3.0,7.4,.412,1.4,1.9,.769,2.0,7.1,9.1,4.2,1.6,0.9,1.9,4.8,14.0,0.0,100,112
149,Goran Dragić\dragigo01,PG,35,TOT,21,8,498,5.6,14.8,.377,1.6,6.2,.254,4.0,8.6,.466,2.6,3.2,.818,1.3,5.1,6.4,8.4,1.9,0.4,3.3,4.4,15.4,0.0,102,114
150,Andre Drummond\drumman01,C,28,TOT,73,36,1437,8.5,14.9,.570,0.0,0.1,.000,8.5,14.8,.574,3.0,5.6,.524,7.9,15.5,23.4,4.5,2.7,2.3,3.9,6.6,19.9,0.0,114,102
151,Chris Duarte\duartch01,SG,24,IND,55,39,1541,8.5,19.7,.432,3.0,8.1,.369,5.5,11.6,.475,2.9,3.6,.804,1.3,5.9,7.2,3.6,1.8,0.3,2.9,3.0,22.9,0.0,104,117
152,David Duke Jr.\dukeda01,PG,22,BRK,22,7,341,5.5,15.4,.361,1.3,5.3,.243,4.3,10.1,.423,2.4,3.0,.810,4.3,5.3,9.5,2.4,2.0,1.0,1.3,5.1,14.8,0.0,104,113
153,Kris Dunn\dunnkr01,PG,27,POR,14,3,336,6.4,14.8,.431,0.1,1.6,.091,6.3,13.2,.473,2.5,2.6,.944,1.3,5.8,7.1,11.5,3.3,0.4,4.7,5.5,15.4,0.0,100,114
154,Kevin Durant\duranke01,PF,33,BRK,55,55,2047,13.7,26.4,.518,2.7,7.1,.383,11.0,19.3,.568,8.8,9.7,.910,0.7,9.0,9.6,8.3,1.1,1.2,4.5,2.7,38.9,0.0,121,112
155,Jaime Echenique\echenja01,C,24,WAS,1,0,3,0.0,0.0,0.0,0.0,0.0,0.0,0.0,0.0,0.0,0.0,0.0,0.0,0.0,0.0,0.0,0.0,0.0,0.0,0.0,0.0,0.0,0.0,0.0,123
156,Anthony Edwards\edwaran01,SG,20,MIN,72,72,2466,10.6,24.0,.441,4.1,11.6,.357,6.4,12.4,.519,4.2,5.4,.786,1.2,5.4,6.6,5.3,2.0,0.9,3.7,3.2,29.6,0.0,108,112
157,Carsen Edwards\edwarca01,SG,23,DET,4,0,79,5.6,18.5,.300,2.5,9.9,.250,3.1,8.6,.357,0.6,0.6,1.000,1.2,2.5,3.7,8.6,1.2,0.0,3.1,2.5,14.2,0.0,87,118
158,Kessler Edwards\edwarke02,SF,21,BRK,48,23,987,5.4,13.1,.412,2.4,6.7,.353,3.0,6.4,.473,0.8,0.9,.842,2.2,6.3,8.4,1.5,1.4,1.2,2.1,4.2,13.9,0.0,100,113
159,Rob Edwards\edwarro01,SG,25,OKC,2,0,11,4.4,17.7,.250,4.4,17.7,.250,0.0,0.0,0.0,0.0,0.0,0.0,0.0,13.3,13.3,0.0,0.0,0.0,4.4,0.0,13.3,0.0,60,114
160,CJ Elleby\ellebcj01,SF,21,POR,58,28,1174,5.0,12.8,.393,1.5,5.2,.294,3.5,7.6,.462,2.5,3.5,.714,2.7,6.7,9.4,3.6,1.5,0.8,2.3,4.8,14.1,0.0,102,117
161,Wayne Ellington\ellinwa01,SG,34,LAL,43,9,810,5.8,14.0,.414,4.9,12.5,.389,0.9,1.5,.615,0.5,0.7,.818,0.6,4.0,4.6,1.8,1.4,0.3,1.1,2.5,17.0,0.0,113,116
162,Joel Embiid\embiijo01,C,27,PHI,68,68,2297,14.5,29.0,.499,2.0,5.5,.371,12.4,23.5,.529,14.2,17.4,.814,3.2,14.1,17.3,6.2,1.7,2.1,4.6,3.9,45.1,0.0,119,105
163,James Ennis III\ennisja01,SF,31,TOT,7,0,56,9.6,20.9,.458,2.6,7.0,.375,7.0,14.0,.500,3.5,4.4,.800,4.4,6.1,10.5,2.6,1.7,1.7,1.7,4.4,25.3,0.0,113,110
164,Drew Eubanks\eubandr01,C,24,TOT,71,31,1245,8.6,14.4,.596,0.2,0.9,.217,8.4,13.5,.621,3.9,5.1,.762,5.1,9.8,14.9,3.3,1.2,1.6,3.2,4.7,21.2,0.0,120,113
165,Tacko Fall\fallta01,C,26,CLE,11,1,59,4.2,10.2,.417,0.0,0.0,0.0,4.2,10.2,.417,1.7,5.9,.286,5.9,13.5,19.5,1.7,0.0,5.1,2.5,2.5,10.2,0.0,91,104
166,Derrick Favors\favorde01,C,30,OKC,39,18,653,7.0,13.6,.516,0.1,1.2,.125,6.9,12.4,.554,1.2,1.9,.640,4.3,9.4,13.7,1.9,1.3,0.9,0.7,4.6,15.4,0.0,118,112
167,Bruno Fernando\fernabr01,C,23,TOT,30,0,152,11.5,17.5,.655,0.3,0.6,.500,11.1,16.9,.660,4.8,7.6,.625,5.7,11.8,17.5,2.2,0.3,3.5,4.5,7.6,28.0,0.0,116,110
168,Dorian Finney-Smith\finnedo01,PF,28,DAL,80,80,2644,6.2,13.2,.471,3.3,8.3,.395,2.9,4.9,.599,1.1,1.6,.675,2.3,4.8,7.1,2.9,1.7,0.7,1.5,3.5,16.8,0.0,119,110
169,Malik Fitts\fittsma01,PF,24,TOT,15,0,63,6.3,14.9,.421,3.9,7.9,.500,2.4,7.1,.333,0.0,0.0,0.0,1.6,11.8,13.4,3.9,0.0,0.0,1.6,3.1,16.5,0.0,114,111
170,Malachi Flynn\flynnma01,PG,23,TOR,44,5,537,6.7,17.0,.393,2.8,8.4,.333,3.9,8.7,.452,1.4,2.2,.625,0.9,4.9,5.9,6.5,1.9,0.4,1.2,4.2,17.6,0.0,113,112
171,Bryn Forbes\forbebr01,SG,28,TOT,75,2,1286,8.7,20.3,.429,4.6,11.1,.414,4.1,9.2,.447,3.0,3.3,.908,0.4,3.1,3.5,2.8,0.9,0.2,2.1,3.6,25.0,0.0,109,117
172,Aleem Ford\fordal03,SF,24,ORL,5,0,74,3.9,13.1,.300,1.3,9.8,.133,2.6,3.3,.800,0.0,0.0,0.0,1.3,8.5,9.8,1.3,0.7,0.0,2.6,4.6,9.2,0.0,67,115
173,Trent Forrest\forretr01,PG,23,UTA,60,6,765,4.9,10.0,.490,0.3,1.7,.185,4.6,8.3,.555,2.5,3.1,.792,1.5,4.9,6.4,6.8,1.9,0.4,3.1,2.8,12.6,0.0,111,112
174,Evan Fournier\fournev01,SG,29,NYK,80,80,2358,8.5,20.5,.417,5.1,13.1,.389,3.4,7.3,.465,1.7,2.4,.708,0.7,3.7,4.5,3.6,1.7,0.4,2.2,3.8,23.9,0.0,109,113
175,De'Aaron Fox\foxde01,PG,24,SAC,59,59,2083,11.9,25.2,.473,1.7,5.8,.297,10.2,19.5,.524,6.0,8.0,.750,0.6,4.8,5.3,7.6,1.6,0.6,3.9,4.0,31.6,0.0,107,117
176,Melvin Frazier\frazime01,SG,25,OKC,3,0,120,5.3,19.5,.271,0.4,8.5,.048,4.9,11.0,.444,2.0,2.8,.714,2.0,3.2,5.3,0.4,0.4,0.0,1.2,3.2,13.0,0.0,70,119
177,Tim Frazier\fraziti01,PG,31,TOT,12,3,208,3.3,10.5,.311,1.4,4.0,.353,1.9,6.5,.286,1.2,2.1,.556,1.2,3.3,4.4,7.9,0.7,0.2,3.5,6.3,9.1,0.0,87,117
178,Enes Freedom\kanteen01,C,29,BOS,35,1,411,6.2,11.7,.526,0.2,0.6,.400,5.9,11.1,.533,2.9,3.4,.857,7.4,12.0,19.3,1.0,0.6,1.7,2.4,5.1,15.5,0.0,121,105
179,Markelle Fultz\fultzma01,PG,23,ORL,18,3,360,11.2,23.5,.474,0.5,2.3,.235,10.6,21.2,.500,3.4,4.2,.806,0.5,6.0,6.6,13.3,2.7,0.7,5.4,3.0,26.2,0.0,102,111
180,Wenyen Gabriel\gabriwe01,PF,24,TOT,26,5,358,7.3,14.8,.491,1.1,3.8,.286,6.2,11.0,.561,3.4,5.6,.595,5.2,7.8,13.0,1.9,0.7,1.5,2.1,9.1,18.9,0.0,113,113
181,Daniel Gafford\gaffoda01,C,23,WAS,72,53,1444,9.8,14.1,.693,0.0,0.0,.000,9.8,14.0,.695,3.7,5.2,.699,5.3,8.6,13.9,2.3,1.0,3.4,2.2,5.8,23.2,0.0,134,111
182,Danilo Gallinari\gallida01,PF,33,ATL,66,18,1672,7.6,17.5,.434,3.3,8.6,.381,4.3,8.9,.485,4.1,4.6,.904,1.0,8.0,9.1,3.0,0.8,0.4,1.1,2.7,22.7,0.0,120,117
183,Langston Galloway\gallola01,SG,30,TOT,7,0,107,2.7,11.7,.231,0.9,7.2,.125,1.8,4.5,.400,0.0,0.0,0.0,1.4,6.8,8.1,5.4,0.5,0.0,2.7,3.2,6.3,0.0,70,116
184,Darius Garland\garlada01,PG,22,CLE,68,68,2430,11.1,24.1,.462,3.6,9.3,.383,7.6,14.8,.512,4.4,5.0,.892,0.8,3.8,4.6,12.0,1.8,0.1,5.1,2.4,30.3,0.0,112,112
185,Marcus Garrett\garrema01,SG,23,MIA,12,0,128,2.0,8.2,.238,0.4,1.6,.250,1.6,6.6,.235,0.8,2.0,.400,3.5,5.5,9.0,2.7,2.0,1.2,0.8,6.3,5.1,0.0,89,108
186,Usman Garuba\garubus01,PF,19,HOU,24,2,239,3.8,8.8,.432,1.0,4.0,.250,2.8,4.8,.583,1.0,1.4,.714,4.2,12.3,16.5,3.4,2.0,2.2,1.2,5.6,9.6,0.0,119,111
187,Luka Garza\garzalu01,C,23,DET,32,5,389,8.3,18.4,.449,2.0,6.1,.327,6.3,12.3,.510,4.8,7.7,.623,7.3,5.3,12.5,2.5,1.1,0.8,2.3,6.9,23.3,0.0,114,116
188,Rudy Gay\gayru01,PF,35,UTA,55,1,1038,7.5,18.0,.414,3.3,9.7,.345,4.1,8.4,.494,3.0,3.8,.785,2.6,8.9,11.5,2.7,1.2,0.9,2.2,4.5,21.2,0.0,110,110
189,Paul George\georgpa01,SF,31,LAC,31,31,1077,12.2,28.9,.421,4.1,11.7,.354,8.1,17.2,.467,5.8,6.7,.858,0.5,9.1,9.7,8.0,3.0,0.6,5.7,3.4,34.3,0.0,100,106
190,Taj Gibson\gibsota01,C,36,NYK,52,4,946,4.5,8.8,.518,0.8,2.0,.395,3.8,6.8,.555,2.2,2.8,.808,4.7,7.5,12.1,1.7,1.2,2.1,1.4,7.2,12.1,0.0,127,110
191,Josh Giddey\giddejo01,SG,19,OKC,54,54,1700,8.1,19.2,.419,1.6,6.1,.263,6.4,13.1,.492,1.6,2.3,.709,2.8,9.3,12.1,9.9,1.5,0.6,4.9,2.5,19.3,0.0,97,112
192,Shai Gilgeous-Alexander\gilgesh01,PG,23,OKC,56,56,1942,12.0,26.4,.453,2.2,7.4,.300,9.7,18.9,.514,8.2,10.2,.810,0.9,6.0,7.0,8.3,1.8,1.2,3.9,3.6,34.4,0.0,111,113
193,Anthony Gill\gillan01,PF,29,WAS,44,0,463,6.6,11.6,.569,1.5,2.8,.538,5.1,8.9,.578,4.5,5.6,.808,3.5,5.6,9.1,2.9,0.5,1.2,1.9,6.2,19.2,0.0,132,117
194,Freddie Gillespie\gillefr01,PF,24,ORL,9,2,119,3.7,8.9,.409,0.0,0.4,.000,3.7,8.5,.429,1.2,2.8,.429,5.3,9.3,14.6,2.0,1.2,3.7,2.0,7.3,8.5,0.0,96,108
195,Rudy Gobert\goberru01,C,29,UTA,66,66,2120,8.4,11.8,.713,0.0,0.1,.000,8.4,11.7,.718,7.1,10.2,.690,5.6,16.9,22.6,1.7,1.0,3.2,2.8,4.1,23.9,0.0,137,103
196,Brandon Goodwin\goodwbr01,PG,26,CLE,36,5,502,6.4,15.3,.416,1.9,5.5,.345,4.5,9.8,.455,2.4,3.8,.632,1.4,5.3,6.7,9.1,2.5,0.1,3.6,3.9,17.0,0.0,104,110
197,Jordan Goodwin\goodwjo01,SG,23,WAS,2,0,6,0.0,24.7,.000,0.0,8.2,.000,0.0,16.5,.000,0.0,0.0,0.0,0.0,8.2,8.2,0.0,0.0,0.0,0.0,8.2,0.0,0.0,0,118
198,Aaron Gordon\gordoaa01,PF,26,DEN,75,75,2376,9.0,17.2,.520,1.8,5.4,.335,7.2,11.9,.605,3.5,4.7,.743,2.6,6.5,9.1,3.9,0.9,0.9,2.7,3.1,23.2,0.0,115,114
199,Eric Gordon\gordoer01,SG,33,HOU,57,46,1669,7.6,16.1,.475,3.5,8.6,.412,4.1,7.5,.548,3.0,3.8,.778,0.4,2.8,3.2,4.4,0.8,0.5,3.1,1.8,21.8,0.0,111,121
200,Devonte' Graham\grahade01,PG,26,NOP,76,63,2162,6.8,18.6,.363,4.4,12.9,.341,2.4,5.8,.413,2.7,3.2,.843,0.8,3.2,4.0,7.2,1.6,0.3,2.4,2.2,20.6,0.0,109,116
201,Jerami Grant\grantje01,PF,27,DET,47,47,1500,9.7,22.7,.426,3.0,8.3,.358,6.7,14.5,.465,7.1,8.4,.838,0.9,5.3,6.2,3.6,1.4,1.6,2.8,3.5,29.4,0.0,109,114
202,Hassani Gravett\graveha01,PG,25,ORL,8,3,171,5.1,10.7,.474,3.1,7.4,.423,2.0,3.4,.583,0.8,1.1,.750,0.3,5.7,5.9,5.7,1.4,0.3,2.5,3.7,14.1,0.0,113,114
203,Danny Green\greenda02,SF,34,PHI,62,28,1353,4.6,11.8,.394,3.8,10.0,.380,0.8,1.8,.469,0.4,0.5,.786,1.2,4.6,5.8,2.4,2.2,1.4,1.7,3.9,13.5,0.0,106,111
204,Draymond Green\greendr01,PF,31,GSW,46,44,1329,5.0,9.4,.525,0.6,2.0,.296,4.4,7.4,.586,2.2,3.3,.659,1.7,10.7,12.3,11.7,2.2,1.8,5.1,5.0,12.7,0.0,109,103
205,Jalen Green\greenja05,SG,19,HOU,67,67,2138,9.0,21.2,.426,3.5,10.2,.343,5.5,11.0,.502,4.2,5.3,.797,0.7,4.3,5.0,3.9,1.0,0.4,3.0,2.3,25.8,0.0,105,120
206,JaMychal Green\greenja01,PF,31,DEN,67,8,1085,7.2,14.8,.486,1.5,5.6,.266,5.7,9.2,.621,3.7,4.2,.871,3.7,9.0,12.7,2.7,1.9,1.2,2.6,7.1,19.5,0.0,114,109
207,Javonte Green\greenja02,SF,28,CHI,65,45,1519,5.7,10.4,.542,1.2,3.2,.356,4.5,7.2,.625,2.6,3.1,.833,2.9,5.9,8.9,1.9,2.2,1.0,1.0,4.2,15.0,0.0,131,112
208,Jeff Green\greenje02,C,35,DEN,75,63,1849,7.3,14.0,.524,1.4,4.5,.315,5.9,9.6,.620,4.4,5.3,.833,1.1,5.0,6.1,2.5,0.7,0.7,1.9,4.0,20.5,0.0,119,115
209,Josh Green\greenjo02,SG,21,DAL,67,3,1039,6.3,12.4,.508,1.4,3.8,.359,4.9,8.6,.573,1.5,2.2,.689,2.5,5.3,7.8,3.8,2.2,0.7,2.1,5.6,15.5,0.0,114,109
210,Blake Griffin\griffbl01,PF,32,BRK,56,24,958,6.7,15.8,.425,1.9,7.3,.262,4.8,8.5,.565,2.8,3.8,.724,3.0,8.5,11.5,5.3,1.4,0.7,1.6,4.8,18.2,0.0,115,113
211,Quentin Grimes\grimequ01,SG,21,NYK,46,6,786,6.0,15.0,.404,4.6,12.0,.381,1.5,2.9,.500,0.8,1.2,.684,1.5,4.5,6.0,2.8,2.0,0.7,1.8,4.6,17.5,0.0,111,111
212,Kyle Guy\guyky01,SG,24,MIA,19,0,186,7.0,17.5,.400,3.8,10.8,.350,3.2,6.7,.480,2.2,3.2,.667,1.1,3.5,4.6,4.6,1.9,0.3,3.5,3.2,19.9,0.0,99,111
213,Rui Hachimura\hachiru01,PF,23,WAS,42,13,943,9.8,20.0,.491,2.9,6.5,.447,6.9,13.5,.512,2.4,3.5,.697,1.3,7.1,8.4,2.5,1.2,0.5,1.7,2.8,24.9,0.0,111,116
214,Tyrese Haliburton\halibty01,SG-PG,21,TOT,77,77,2695,7.7,16.3,.473,2.9,7.0,.414,4.8,9.3,.517,2.9,3.4,.842,1.1,4.5,5.6,11.3,2.4,0.9,3.6,2.2,21.2,0.0,119,115
215,Tyler Hall\hallty01,SG,24,NYK,1,0,2,0.0,0.0,0.0,0.0,0.0,0.0,0.0,0.0,0.0,0.0,0.0,0.0,0.0,0.0,0.0,0.0,0.0,0.0,0.0,0.0,0.0,0.0,0.0,120
216,R.J. Hampton\hamptrj01,SG,20,ORL,64,14,1402,6.0,15.8,.383,2.2,6.3,.350,3.8,9.5,.405,2.6,4.0,.641,0.8,5.9,6.7,5.5,1.4,0.4,3.0,3.5,16.9,0.0,94,114
217,Tim Hardaway Jr.\hardati02,SG,29,DAL,42,20,1245,8.4,21.4,.394,4.1,12.3,.336,4.3,9.1,.473,3.2,4.2,.757,0.5,5.8,6.3,3.7,1.5,0.2,1.4,3.0,24.2,0.0,107,111
218,James Harden\hardeja01,PG-SG,32,TOT,65,65,2419,8.2,20.1,.410,3.0,9.1,.330,5.2,11.0,.476,9.5,10.8,.877,1.1,9.0,10.1,13.5,1.7,0.7,5.7,3.1,29.0,0.0,115,111
219,Maurice Harkless\harklma01,SF,28,SAC,47,24,863,4.6,10.1,.459,1.7,5.6,.307,2.9,4.5,.650,1.1,1.6,.714,0.7,5.6,6.2,1.3,1.6,1.3,1.7,4.3,12.1,0.0,101,115
220,Jared Harper\harpeja01,PG,24,NOP,5,0,43,16.1,29.8,.538,5.7,13.8,.417,10.3,16.1,.643,4.6,4.6,1.000,2.3,0.0,2.3,16.1,4.6,1.1,2.3,5.7,42.5,0.0,144,110
221,Montrezl Harrell\harremo01,C,28,TOT,71,3,1641,10.7,16.6,.645,0.1,0.5,.235,10.6,16.1,.658,6.3,8.8,.716,4.4,8.4,12.9,4.3,0.9,1.3,2.1,4.1,27.8,0.0,134,114
222,Gary Harris\harriga01,SG,27,ORL,61,30,1730,6.7,15.5,.434,3.2,8.4,.384,3.5,7.0,.494,2.3,2.7,.874,1.0,2.4,3.4,3.0,1.6,0.3,1.7,3.1,19.0,0.0,110,116
223,Joe Harris\harrijo01,SF,30,BRK,14,14,423,6.4,14.2,.452,4.7,10.1,.466,1.7,4.1,.417,0.6,0.7,.833,0.6,5.8,6.4,1.6,0.8,0.2,1.8,3.6,18.1,0.0,112,116
224,Tobias Harris\harrito02,PF,29,PHI,73,73,2543,9.7,20.0,.482,2.0,5.4,.367,7.7,14.7,.525,3.3,4.0,.842,1.5,8.2,9.7,4.9,0.9,0.8,2.3,3.2,24.7,0.0,113,112
225,Shaquille Harrison\harrish01,SG,28,BRK,2,0,23,4.2,12.6,.333,0.0,4.2,.000,4.2,8.4,.500,0.0,0.0,0.0,2.1,6.3,8.4,6.3,2.1,2.1,4.2,6.3,8.4,0.0,76,111
226,Josh Hart\hartjo01,SG-SF,26,TOT,54,53,1791,7.9,15.6,.504,2.0,5.9,.343,5.9,9.8,.601,4.4,5.8,.758,1.7,9.0,10.7,6.2,1.7,0.4,3.1,4.1,22.2,0.0,117,113
227,Isaiah Hartenstein\harteis01,C,23,LAC,68,0,1216,9.2,14.7,.626,0.6,1.2,.467,8.7,13.5,.640,3.7,5.3,.689,4.7,8.7,13.4,6.4,2.0,3.1,3.4,6.7,22.7,0.0,127,106
228,Udonis Haslem\hasleud01,C,41,MIA,13,0,83,8.4,18.7,.452,0.6,2.4,.250,7.8,16.3,.481,1.8,1.8,1.000,2.4,12.7,15.1,2.4,0.6,0.6,3.0,9.0,19.3,0.0,96,108
229,Sam Hauser\hausesa01,SF,24,BOS,26,0,158,7.2,15.7,.460,6.0,13.8,.432,1.3,1.9,.667,0.0,0.0,0.0,1.6,7.5,9.1,3.1,0.3,0.6,0.6,2.2,20.4,0.0,133,110
230,Jaxson Hayes\hayesja02,C,21,NOP,70,28,1398,8.7,14.1,.616,0.7,2.0,.351,7.9,12.0,.660,5.1,6.6,.766,4.1,7.1,11.1,1.5,1.2,1.9,1.9,5.5,23.1,0.0,132,113
231,Killian Hayes\hayeski01,PG,20,DET,66,40,1647,5.2,13.6,.383,1.3,4.9,.263,3.9,8.7,.452,1.7,2.2,.770,1.1,5.2,6.2,8.2,2.3,1.0,3.3,5.4,13.4,0.0,97,113
232,Gordon Hayward\haywago01,SF,31,CHO,49,48,1564,8.7,18.9,.459,2.6,6.8,.391,6.0,12.2,.496,3.9,4.6,.846,1.2,5.7,6.9,5.4,1.4,0.7,2.5,2.6,23.9,0.0,113,116
233,Aaron Henry\henryaa01,SF,22,PHI,6,0,17,2.9,14.7,.200,0.0,2.9,.000,2.9,11.7,.250,0.0,0.0,0.0,0.0,2.9,2.9,0.0,0.0,5.9,5.9,5.9,5.9,0.0,29,111
234,Juancho Hernangómez\hernaju01,PF,26,TOT,40,9,445,4.9,11.7,.415,2.7,7.6,.348,2.2,4.1,.541,2.1,3.8,.559,3.1,8.0,11.1,2.2,1.6,1.1,1.8,2.8,14.5,0.0,111,109
235,Willy Hernangómez\hernawi01,C,27,NOP,50,8,839,10.0,19.2,.520,0.2,0.7,.333,9.8,18.5,.527,6.4,8.3,.773,8.4,11.5,19.9,3.7,1.2,1.1,3.0,5.7,26.7,0.0,122,111
236,Tyler Herro\herroty01,SG,22,MIA,66,10,2151,11.7,26.1,.447,4.1,10.2,.399,7.6,15.9,.477,4.4,5.1,.868,0.7,6.9,7.7,6.1,1.0,0.2,4.0,2.2,31.8,0.0,107,111
237,Buddy Hield\hieldbu01,SG,29,TOT,81,32,2499,8.6,21.3,.406,5.1,13.9,.366,3.6,7.4,.482,2.2,2.5,.874,1.3,5.6,6.8,4.4,1.4,0.5,3.0,3.6,24.5,0.0,105,117
238,Haywood Highsmith\highsha01,SF,25,MIA,19,1,163,4.9,14.1,.348,2.8,8.6,.321,2.1,5.5,.389,0.6,1.5,.400,3.1,4.9,8.0,1.8,0.6,0.9,0.9,4.0,13.2,0.0,101,112
239,George Hill\hillge01,SG,35,MIL,54,17,1253,4.5,10.5,.429,1.6,5.1,.306,3.0,5.4,.546,2.2,2.4,.919,1.5,4.5,5.9,4.6,1.6,0.2,1.6,2.7,12.8,0.0,117,114
240,Malcolm Hill\hillma01,SF-SG,26,TOT,19,0,212,5.5,12.0,.462,3.0,8.3,.361,2.5,3.7,.688,2.5,3.2,.786,2.5,5.5,8.1,1.8,1.6,0.7,0.7,5.5,16.6,0.0,129,115
241,Solomon Hill\hillso01,PF,30,ATL,13,1,139,1.1,7.1,.150,0.7,4.6,.154,0.4,2.5,.143,0.0,0.0,0.0,2.1,6.0,8.1,4.2,1.4,0.7,0.4,5.7,2.8,0.0,87,116
242,Nate Hinton\hintona01,SG,22,IND,2,0,2,0.0,24.5,.000,0.0,0.0,0.0,0.0,24.5,.000,0.0,0.0,0.0,0.0,0.0,0.0,0.0,0.0,0.0,24.5,0.0,0.0,0.0,0,125
243,Jaylen Hoard\hoardja01,SF,22,OKC,7,5,240,8.9,18.3,.489,1.8,5.1,.360,7.1,13.2,.538,1.2,2.8,.429,6.1,11.0,17.0,3.5,1.2,1.0,1.6,2.8,20.9,0.0,115,111
244,Aaron Holiday\holidaa01,PG,25,TOT,63,15,1021,7.2,16.2,.447,1.9,4.9,.379,5.4,11.3,.477,2.8,3.3,.868,1.2,4.7,5.9,7.3,2.0,0.4,3.2,4.4,19.2,0.0,108,113
245,Jrue Holiday\holidjr01,PG,31,MIL,67,64,2207,10.4,20.8,.501,2.9,7.0,.411,7.5,13.8,.547,3.0,3.9,.761,1.5,5.0,6.6,9.9,2.4,0.6,4.0,2.9,26.7,0.0,117,112
246,Justin Holiday\holidju01,SF-SG,32,TOT,74,65,2057,6.2,15.7,.394,4.2,11.4,.367,2.0,4.3,.467,1.2,1.5,.806,0.7,3.8,4.5,3.0,1.3,0.8,1.7,3.6,17.7,0.0,107,118
247,Richaun Holmes\holmeri01,C,28,SAC,45,37,1074,8.9,13.4,.660,0.1,0.2,.400,8.8,13.2,.664,3.1,4.0,.778,4.2,10.0,14.2,2.2,0.8,1.8,2.5,5.7,21.0,0.0,127,114
248,Rodney Hood\hoodro01,SF-SG,29,TOT,52,0,709,3.9,10.7,.369,2.0,6.2,.330,1.9,4.5,.424,1.2,1.3,.895,1.0,4.2,5.2,2.6,1.0,0.4,0.7,2.1,11.1,0.0,108,115
249,Scotty Hopson\hopsosc01,SG,32,OKC,1,0,18,5.4,10.8,.500,0.0,2.7,.000,5.4,8.1,.667,0.0,0.0,0.0,0.0,2.7,2.7,2.7,0.0,0.0,5.4,2.7,10.8,0.0,69,120
250,Al Horford\horfoal01,C,35,BOS,69,69,2005,6.6,14.1,.467,2.2,6.6,.336,4.4,7.5,.582,2.0,2.4,.842,2.7,10.5,13.1,5.7,1.2,2.3,1.6,3.2,17.4,0.0,124,104
251,Talen Horton-Tucker\hortota01,SG,21,LAL,60,19,1511,7.1,17.1,.416,1.6,5.8,.269,5.6,11.3,.492,3.2,4.0,.800,1.2,4.9,6.1,5.0,1.9,0.9,2.6,4.7,18.9,0.0,102,114
252,Danuel House Jr.\houseda01,SF,28,TOT,42,7,727,5.4,13.3,.404,3.0,7.9,.376,2.4,5.4,.444,3.0,3.9,.759,1.2,6.2,7.5,3.0,1.4,1.1,2.2,3.4,16.7,0.0,108,113
253,Dwight Howard\howardw01,C,36,LAL,60,27,971,6.6,10.8,.612,0.4,0.7,.533,6.2,10.1,.618,4.7,7.2,.658,5.8,11.7,17.6,1.7,1.7,1.8,2.3,5.7,18.4,0.0,128,109
254,Markus Howard\howarma02,SG,22,DEN,31,0,176,10.9,28.2,.386,7.8,19.5,.400,3.1,8.6,.355,5.6,6.4,.870,0.6,2.8,3.3,2.0,2.5,0.0,2.0,4.7,35.1,0.0,108,113
255,Kevin Huerter\huertke01,SG,23,ATL,74,60,2188,7.7,17.1,.454,3.6,9.2,.389,4.2,7.8,.530,0.9,1.2,.808,0.7,5.0,5.7,4.6,1.2,0.6,2.0,4.2,20.0,0.0,112,117
256,Jay Huff\huffja01,C,23,LAL,4,0,20,0.0,7.2,.000,0.0,4.8,.000,0.0,2.4,.000,0.0,0.0,0.0,2.4,7.2,9.6,2.4,2.4,2.4,2.4,2.4,0.0,0.0,34,110
257,Elijah Hughes\hugheel01,SG-SF,23,TOT,36,4,434,5.3,16.3,.326,2.8,10.7,.263,2.5,5.5,.449,0.8,1.0,.778,0.7,5.9,6.5,2.5,1.6,0.9,1.9,4.4,14.2,0.0,87,116
258,Feron Hunt\huntfe01,SF,22,NYK,2,0,8,0.0,12.5,.000,0.0,0.0,0.0,0.0,12.5,.000,0.0,0.0,0.0,6.3,0.0,6.3,6.3,6.3,0.0,6.3,6.3,0.0,0.0,41,105
259,De'Andre Hunter\huntede01,SF,24,ATL,53,52,1577,7.9,17.9,.442,2.3,6.1,.379,5.6,11.8,.474,4.0,5.2,.765,0.8,4.7,5.5,2.1,1.1,0.7,2.2,4.8,22.1,0.0,106,117
260,Chandler Hutchison\hutchch01,SF,25,PHO,6,0,22,2.2,4.4,.500,0.0,0.0,0.0,2.2,4.4,.500,4.4,4.4,1.000,0.0,10.9,10.9,4.4,0.0,0.0,8.7,2.2,8.7,0.0,68,110
261,Bones Hyland\hylanbo01,PG,21,DEN,69,4,1310,8.6,21.4,.403,4.9,13.4,.366,3.7,8.0,.465,4.0,4.7,.856,0.5,6.5,7.0,7.2,1.5,0.7,3.2,5.7,26.1,0.0,109,112
262,Serge Ibaka\ibakase01,C-PF,32,TOT,54,12,877,8.2,16.4,.500,2.1,5.5,.374,6.2,10.9,.563,1.8,2.4,.727,3.4,10.4,13.9,2.7,0.6,1.8,2.4,5.7,20.2,0.0,112,110
263,Andre Iguodala\iguodan01,SF,38,GSW,31,0,603,3.7,9.8,.380,1.4,6.0,.230,2.3,3.8,.617,1.2,1.6,.750,1.7,6.4,8.1,9.2,2.2,1.8,2.3,2.7,10.0,0.0,114,106
264,Joe Ingles\inglejo01,SF,34,UTA,45,15,1122,5.1,12.6,.404,3.4,9.9,.347,1.6,2.6,.617,0.7,1.0,.773,0.5,5.2,5.8,7.0,1.0,0.2,2.0,3.6,14.3,0.0,117,114
265,Brandon Ingram\ingrabr01,SF,24,NOP,55,55,1869,12.0,26.0,.461,2.0,6.0,.327,10.0,20.0,.501,7.0,8.5,.826,0.9,7.5,8.5,8.1,0.9,0.7,4.0,3.1,32.9,0.0,111,115
266,Kyrie Irving\irvinky01,PG,29,BRK,29,29,1091,12.8,27.4,.469,4.4,10.6,.418,8.4,16.8,.501,5.2,5.7,.915,0.7,4.9,5.6,7.4,1.8,0.8,3.2,3.6,35.4,0.0,117,114
267,Wes Iwundu\iwundwe01,SF,27,ATL,3,1,82,4.8,10.8,.444,1.8,3.0,.600,3.0,7.8,.385,1.8,2.4,.750,1.8,6.0,7.8,0.0,0.6,0.0,0.6,4.8,13.2,0.0,115,119
268,Frank Jackson\jacksfr01,PG,23,DET,53,7,1164,8.1,20.2,.402,3.6,11.7,.308,4.5,8.6,.529,3.6,4.4,.827,0.8,2.9,3.6,2.3,1.1,0.4,1.6,3.7,23.5,0.0,106,118
269,Isaiah Jackson\jacksis01,PF,20,IND,36,15,541,10.5,18.6,.563,0.5,1.4,.313,10.0,17.2,.584,5.4,8.0,.682,5.4,8.1,13.5,0.9,2.3,4.7,3.6,8.3,26.9,0.0,113,109
270,Jaren Jackson Jr.\jacksja02,PF,22,MEM,78,78,2126,9.7,23.3,.415,2.9,9.0,.319,6.8,14.3,.476,6.4,7.8,.823,2.7,7.5,10.2,1.9,1.6,4.0,2.9,6.1,28.6,0.0,109,106
271,Josh Jackson\jacksjo02,SF,24,TOT,51,3,830,7.0,17.6,.400,1.9,7.6,.254,5.1,10.0,.512,3.2,4.5,.714,1.2,7.0,8.3,3.2,1.5,1.3,2.8,5.2,19.2,0.0,95,114
272,Justin Jackson\jacksju01,SF,26,TOT,7,0,37,6.5,19.5,.333,3.9,11.7,.333,2.6,7.8,.333,2.6,2.6,1.000,1.3,7.8,9.1,2.6,0.0,0.0,1.3,3.9,19.5,0.0,99,112
273,Reggie Jackson\jacksre01,SG,31,LAC,75,75,2337,10.0,25.6,.392,3.5,10.7,.326,6.5,14.9,.439,2.9,3.4,.847,0.8,4.9,5.7,7.5,1.2,0.3,3.6,3.3,26.5,0.0,99,113
274,LeBron James\jamesle01,SF,37,LAL,56,56,2084,14.7,28.1,.524,3.7,10.3,.359,11.0,17.8,.620,5.8,7.7,.756,1.4,9.1,10.6,8.0,1.7,1.4,4.5,2.8,39.0,0.0,117,111
275,DeJon Jarreau\jarrede01,SG,24,IND,1,0,1,0.0,0.0,0.0,0.0,0.0,0.0,0.0,0.0,0.0,0.0,0.0,0.0,0.0,0.0,0.0,0.0,0.0,0.0,0.0,0.0,0.0,0.0,0.0,125
276,DaQuan Jeffries\jeffrda01,SG,24,MEM,3,0,9,5.3,10.6,.500,0.0,5.3,.000,5.3,5.3,1.000,0.0,0.0,0.0,0.0,10.6,10.6,5.3,0.0,0.0,0.0,5.3,10.6,0.0,125,113
277,Ty Jerome\jeromty01,SG,24,OKC,48,4,801,7.5,19.9,.378,3.3,11.3,.290,4.3,8.6,.493,2.3,2.9,.809,1.2,3.6,4.7,6.6,1.8,0.3,2.2,4.4,20.7,0.0,103,115
278,Isaiah Joe\joeis01,SG,22,PHI,55,1,609,5.1,14.5,.350,3.7,11.1,.333,1.4,3.4,.405,2.4,2.5,.935,0.5,4.1,4.6,2.9,1.1,0.2,1.6,3.8,16.2,0.0,103,115
279,Alize Johnson\johnsal02,PF,25,TOT,23,0,167,5.0,11.4,.436,0.0,1.2,.000,5.0,10.3,.486,2.1,3.5,.583,8.2,9.7,17.9,2.6,1.5,0.0,3.5,5.3,12.0,0.0,103,113
280,B.J. Johnson\johnsbj01,SF,26,ORL,4,0,65,8.2,18.6,.440,3.0,7.4,.400,5.2,11.2,.467,0.0,0.0,0.0,4.5,6.7,11.2,0.0,0.0,0.7,0.0,3.0,19.3,0.0,112,116
281,Cameron Johnson\johnsca02,PF,25,PHO,66,16,1730,7.8,16.9,.460,4.6,10.9,.425,3.1,6.0,.523,2.7,3.2,.860,1.2,6.4,7.6,2.8,1.6,0.4,1.3,3.1,22.9,0.0,123,109
282,David Johnson\johnsda08,SG,20,TOR,2,0,2,0.0,25.0,.000,0.0,25.0,.000,0.0,0.0,0.0,0.0,0.0,0.0,0.0,0.0,0.0,0.0,0.0,0.0,0.0,0.0,0.0,0.0,0,120
283,Jalen Johnson\johnsja05,PF,20,ATL,22,0,120,9.0,16.8,.537,1.2,5.3,.231,7.8,11.5,.679,2.0,2.9,.714,0.8,9.8,10.6,1.2,1.2,0.8,3.7,3.7,21.3,0.0,98,114
284,James Johnson\johnsja01,PF,34,BRK,62,10,1191,5.9,12.5,.469,0.9,3.5,.271,4.9,9.0,.545,1.2,2.2,.527,2.1,6.7,8.8,5.3,1.2,1.4,2.0,6.6,13.8,0.0,109,113
285,Joe Johnson\johnsjo02,SG,40,BOS,1,0,2,24.8,24.8,1.000,0.0,0.0,0.0,24.8,24.8,1.000,0.0,0.0,0.0,0.0,0.0,0.0,0.0,0.0,0.0,0.0,0.0,49.7,0.0,200,117
286,Keldon Johnson\johnske04,SF,22,SAS,75,74,2392,9.4,20.3,.466,3.2,8.0,.398,6.3,12.3,.510,3.6,4.7,.756,1.6,7.6,9.2,3.2,1.2,0.3,1.8,3.0,25.6,0.0,114,114
287,Keon Johnson\johnske07,SG,19,TOT,37,12,697,6.7,19.1,.353,2.4,7.0,.340,4.3,12.1,.360,2.9,3.6,.804,1.7,4.0,5.7,5.3,2.0,0.8,3.2,4.8,18.7,0.0,94,116
288,Stanley Johnson\johnsst04,PF,25,LAL,48,27,1094,5.1,11.0,.466,1.4,4.6,.314,3.7,6.4,.575,2.3,3.2,.716,1.5,5.3,6.8,3.5,1.9,0.6,1.5,4.8,14.0,0.0,114,114
289,Tyler Johnson\johnsty01,PG,29,TOT,6,0,91,3.2,10.7,.300,2.7,7.0,.385,0.5,3.8,.143,0.0,0.0,0.0,1.6,4.8,6.4,3.8,1.6,1.6,1.1,3.8,9.1,0.0,98,112
290,Nikola Jokić\jokicni01,C,26,DEN,74,74,2476,15.1,26.0,.583,1.9,5.7,.337,13.2,20.3,.652,7.5,9.3,.810,4.1,16.1,20.2,11.6,2.2,1.2,5.6,3.8,39.7,0.0,126,105
291,Carlik Jones\jonesca03,PG,24,TOT,5,0,23,2.2,19.6,.111,0.0,2.2,.000,2.2,17.4,.125,4.4,4.4,1.000,2.2,4.4,6.5,10.9,2.2,0.0,6.5,0.0,8.7,0.0,57,111
292,Damian Jones\jonesda03,C,26,SAC,56,15,1017,8.3,12.6,.658,0.5,1.4,.345,7.8,11.2,.696,4.4,6.2,.718,3.5,8.1,11.6,3.3,1.2,2.2,2.8,6.2,21.5,0.0,128,113
293,Derrick Jones Jr.\jonesde02,PF,24,CHI,51,8,899,5.7,10.6,.538,1.1,3.3,.328,4.6,7.3,.634,3.0,3.8,.800,3.3,5.9,9.2,1.6,1.4,1.8,1.6,5.7,15.5,0.0,124,113
294,Herbert Jones\joneshe01,PF,23,NOP,78,69,2335,5.8,12.2,.476,1.2,3.6,.337,4.6,8.6,.533,2.9,3.4,.840,2.1,4.2,6.3,3.5,2.7,1.3,2.1,5.0,15.7,0.0,114,112
295,Jemerrio Jones\jonesje01,SF,26,LAL,2,0,15,6.4,9.6,.667,0.0,0.0,0.0,6.4,9.6,.667,0.0,0.0,0.0,6.4,3.2,9.6,0.0,3.2,0.0,0.0,6.4,12.8,0.0,152,113
296,Kai Jones\joneska01,C,21,CHO,21,0,63,6.9,10.7,.643,0.8,1.5,.500,6.1,9.1,.667,2.3,6.1,.375,2.3,6.1,8.4,3.0,0.8,1.5,4.6,6.1,16.8,0.0,98,116
297,Mason Jones\jonesma05,SG,23,LAL,4,0,51,6.6,14.1,.467,0.9,3.8,.250,5.6,10.3,.545,11.3,14.1,.800,0.9,8.5,9.4,3.8,1.9,0.0,0.9,7.5,25.4,0.0,133,113
298,Tre Jones\jonestr01,PG,22,SAS,69,11,1148,6.9,14.2,.490,0.4,2.1,.196,6.5,12.0,.542,3.0,3.8,.780,1.2,5.3,6.5,9.7,1.8,0.3,1.9,3.3,17.3,0.0,120,114
299,Tyus Jones\jonesty01,PG,25,MEM,73,23,1549,7.7,17.0,.451,2.5,6.3,.390,5.2,10.7,.487,1.7,2.0,.818,0.5,4.9,5.4,10.0,2.0,0.1,1.4,1.0,19.5,0.0,125,112
300,DeAndre Jordan\jordade01,C,33,TOT,48,20,622,7.2,11.2,.643,0.0,0.0,0.0,7.2,11.2,.643,1.7,3.1,.550,6.5,14.1,20.6,1.6,0.9,2.7,2.9,5.5,16.1,0.0,120,107
301,Cory Joseph\josepco01,PG,30,DET,65,39,1600,5.4,12.2,.445,2.0,4.8,.414,3.4,7.4,.465,3.0,3.4,.885,0.9,4.4,5.3,7.2,1.3,0.5,2.6,4.5,15.9,0.0,115,116
302,Georgios Kalaitzakis\kalaige01,SF,23,TOT,13,4,214,7.0,15.2,.463,2.3,5.9,.385,4.8,9.3,.512,3.2,6.8,.467,1.4,3.4,4.8,2.7,2.5,0.5,4.5,4.3,19.5,0.0,91,113
303,Frank Kaminsky\kaminfr01,C,28,PHO,9,0,181,9.6,17.5,.545,1.3,4.0,.333,8.2,13.6,.608,4.8,5.3,.900,2.9,8.0,10.9,3.5,2.1,1.9,1.3,3.7,25.3,0.0,130,105
304,Luke Kennard\kennalu01,SG,25,LAC,70,13,1919,7.3,16.3,.449,4.9,10.8,.449,2.5,5.5,.449,1.8,2.0,.896,0.5,5.3,5.8,3.7,1.1,0.2,1.5,2.6,21.3,0.0,119,113
305,Braxton Key\keybr01,SF,24,TOT,11,0,197,8.2,17.8,.458,1.5,5.2,.286,6.7,12.6,.529,1.7,3.2,.538,3.2,9.2,12.4,2.7,2.5,2.7,2.7,6.4,19.6,0.0,99,108
306,George King\kingge03,SF,28,DAL,4,0,19,0.0,13.2,.000,0.0,10.6,.000,0.0,2.6,.000,2.6,5.3,.500,0.0,13.2,13.2,0.0,0.0,0.0,2.6,10.6,2.6,0.0,17,110
307,Louis King\kinglo02,SF,22,SAC,10,0,104,6.9,21.7,.319,3.7,12.5,.296,3.2,9.3,.350,3.2,4.6,.700,0.0,5.6,5.6,4.2,0.9,0.5,0.0,6.5,20.8,0.0,100,118
308,Corey Kispert\kispeco01,SF,22,WAS,77,36,1801,6.4,14.1,.455,3.1,8.8,.350,3.4,5.3,.629,1.5,1.7,.871,1.5,4.3,5.7,2.3,1.0,0.6,1.4,2.6,17.4,0.0,114,118
309,Maxi Kleber\klebima01,PF,30,DAL,59,21,1450,4.9,12.3,.398,2.9,8.9,.325,2.0,3.4,.586,1.6,2.3,.708,2.4,9.7,12.1,2.4,1.0,2.0,1.6,4.8,14.3,0.0,109,107
310,Brandon Knight\knighbr03,PG,30,DAL,5,0,65,7.7,19.4,.400,3.1,13.2,.235,4.6,6.2,.750,6.2,6.2,1.000,0.0,6.2,6.2,6.2,0.8,0.0,3.1,3.9,24.8,0.0,110,113
311,Nathan Knight\knighna01,PF,24,MIN,37,2,267,8.0,15.7,.511,0.7,2.3,.308,7.3,13.4,.547,7.8,10.7,.733,5.7,9.4,15.1,3.9,1.2,1.4,3.2,7.5,24.6,0.0,122,111
312,Kevin Knox\knoxke01,SF,22,TOT,30,0,222,6.9,19.0,.365,3.4,12.1,.278,3.6,6.9,.516,3.6,4.9,.727,3.1,6.7,9.8,2.2,0.9,0.4,1.6,4.2,20.8,0.0,106,115
313,John Konchar\konchjo01,SG,25,MEM,72,7,1292,5.0,9.7,.515,1.9,4.7,.413,3.1,5.0,.610,1.0,1.8,.551,3.2,9.0,12.2,4.0,1.7,0.8,1.1,3.3,12.9,0.0,133,109
314,Furkan Korkmaz\korkmfu01,SG,24,PHI,67,19,1414,6.4,16.6,.387,2.7,9.4,.289,3.7,7.2,.515,2.4,3.0,.810,0.8,5.4,6.2,4.5,1.2,0.3,1.7,2.0,18.0,0.0,104,114
315,Luke Kornet\kornelu01,C,26,TOT,15,0,103,6.3,13.0,.481,0.0,2.4,.000,6.3,10.6,.591,1.9,2.9,.667,6.3,7.7,14.0,4.3,1.4,1.4,0.0,4.3,14.5,0.0,133,107
316,Vit Krejci\krejcvi01,SG,21,OKC,30,8,690,4.8,11.8,.407,2.3,6.9,.327,2.5,4.9,.522,1.3,1.6,.864,1.3,5.9,7.1,4.0,1.3,0.6,2.0,4.6,13.2,0.0,105,115
317,Arnoldas Kulboka\kulboar01,SF,24,CHO,2,0,5,0.0,9.6,.000,0.0,9.6,.000,0.0,0.0,0.0,0.0,0.0,0.0,0.0,0.0,0.0,0.0,0.0,0.0,0.0,9.6,0.0,0.0,0,123
318,Jonathan Kuminga\kuminjo01,SF,19,GSW,70,12,1185,9.7,18.9,.513,2.1,6.1,.336,7.7,12.8,.598,5.3,7.8,.684,2.2,7.4,9.6,2.6,1.3,0.9,3.0,6.0,26.8,0.0,112,108
319,Kyle Kuzma\kuzmaky01,PF,26,WAS,66,66,2204,9.5,21.0,.452,2.9,8.4,.341,6.6,12.6,.526,3.5,4.9,.712,1.6,11.0,12.6,5.2,0.9,1.3,3.8,2.9,25.4,0.0,103,113
320,Anthony Lamb\lamban01,SF,24,SAS,2,0,8,0.0,12.0,.000,0.0,12.0,.000,0.0,0.0,0.0,0.0,0.0,0.0,0.0,6.0,6.0,12.0,0.0,0.0,0.0,0.0,0.0,0.0,56,118
321,Jeremy Lamb\lambje01,SF-SG,29,TOT,56,0,935,6.9,18.1,.383,2.9,8.9,.324,4.1,9.2,.441,4.6,5.5,.840,1.4,6.7,8.0,4.2,1.6,1.1,1.9,3.1,21.3,0.0,109,116
322,Jock Landale\landajo01,C,26,SAS,54,1,589,8.2,16.6,.495,2.4,7.2,.326,5.9,9.4,.626,2.8,3.3,.829,5.1,6.1,11.2,3.7,0.8,1.1,2.5,4.3,21.6,0.0,119,114
323,Romeo Langford\langfro01,SG,22,TOT,48,5,771,5.3,12.3,.435,1.9,5.5,.341,3.5,6.8,.509,1.5,2.7,.548,1.9,5.0,6.9,1.4,1.4,1.0,1.0,3.0,14.0,0.0,108,109
324,Zach LaVine\lavinza01,SF,26,CHI,67,67,2328,11.8,24.9,.476,3.9,10.0,.389,8.0,14.9,.534,6.7,7.9,.853,0.5,6.0,6.5,6.4,0.9,0.5,3.6,2.5,34.3,0.0,115,116
325,Jake Layman\laymaja01,SF,27,MIN,34,1,231,6.2,15.0,.411,1.6,7.2,.229,4.5,7.8,.579,2.7,3.7,.722,1.2,6.2,7.4,1.9,1.4,1.0,2.1,2.5,16.7,0.0,99,113
326,Damion Lee\leeda03,SG,29,GSW,63,5,1256,6.6,14.9,.441,2.4,7.3,.337,4.1,7.6,.541,2.6,2.9,.880,1.0,6.8,7.9,2.4,1.5,0.2,1.5,3.7,18.1,0.0,111,109
327,Saben Lee\leesa01,PG,22,DET,37,0,604,5.6,14.3,.390,1.1,4.8,.233,4.4,9.5,.470,4.5,5.7,.789,1.5,5.6,7.0,8.6,2.9,1.0,2.9,3.6,16.8,0.0,107,112
328,Alex Len\lenal01,C,28,SAC,39,10,620,7.3,13.7,.534,0.5,1.6,.286,6.8,12.0,.568,3.2,4.9,.651,4.0,8.5,12.5,3.5,1.0,1.9,3.3,7.8,18.2,0.0,109,114
329,Caris LeVert\leverca01,SG,27,TOT,58,49,1781,10.5,23.6,.444,2.3,7.1,.320,8.2,16.5,.497,4.0,5.3,.756,1.2,4.7,5.9,6.9,1.4,0.6,3.0,3.6,27.3,0.0,108,116
330,Kira Lewis Jr.\lewiski01,PG,20,NOP,24,0,341,8.5,21.1,.404,1.9,8.4,.224,6.7,12.7,.523,1.4,1.7,.833,1.3,4.3,5.6,7.1,1.6,0.1,3.8,2.5,20.4,0.0,96,116
331,Scottie Lewis\lewissc01,SG,21,CHO,2,0,7,0.0,0.0,0.0,0.0,0.0,0.0,0.0,0.0,0.0,6.9,13.7,.500,0.0,0.0,0.0,6.9,6.9,0.0,0.0,0.0,6.9,0.0,150,108
332,Damian Lillard\lillada01,PG,31,POR,29,29,1056,10.3,25.5,.402,4.3,13.1,.324,6.0,12.4,.485,7.4,8.4,.878,0.6,5.0,5.6,9.8,0.8,0.5,3.8,1.7,32.2,0.0,112,120
333,Nassir Little\littlna01,SF,21,POR,42,23,1088,6.5,14.1,.460,2.3,6.9,.331,4.2,7.2,.584,3.1,4.2,.734,2.6,8.0,10.6,2.4,1.1,1.6,1.8,3.7,18.4,0.0,115,116
334,Isaiah Livers\liveris01,SF,23,DET,19,5,383,5.2,11.5,.456,3.4,8.2,.422,1.8,3.3,.538,1.5,1.8,.857,1.9,5.4,7.3,2.7,1.7,0.9,1.9,4.7,15.4,0.0,118,115
335,Kevon Looney\looneke01,C,25,GSW,82,80,1732,5.9,10.2,.571,0.0,0.0,.000,5.9,10.2,.573,2.1,3.5,.600,5.9,10.9,16.8,4.6,1.4,1.5,1.9,6.1,13.8,0.0,128,105
336,Brook Lopez\lopezbr01,C,33,MIL,13,11,298,9.8,21.1,.466,3.1,8.5,.358,6.8,12.6,.538,3.2,3.7,.870,3.1,5.5,8.5,1.0,1.3,2.4,1.9,5.5,25.9,0.0,112,111
337,Robin Lopez\lopezro01,C,33,ORL,36,9,612,8.7,15.7,.553,0.2,0.5,.333,8.5,15.3,.560,2.5,4.3,.593,5.4,4.6,10.0,4.3,0.2,1.4,3.5,5.3,20.1,0.0,110,116
338,Didi Louzada\louzama01,SG-SF,22,TOT,9,1,129,4.5,12.5,.364,3.4,8.7,.391,1.1,3.8,.300,0.8,0.8,1.000,1.9,4.5,6.4,1.9,0.8,0.8,1.9,4.9,13.3,0.0,100,120
339,Kevin Love\loveke01,PF,33,CLE,74,4,1665,9.8,22.8,.430,5.6,14.3,.392,4.2,8.5,.493,5.0,5.9,.838,2.6,13.5,16.1,4.8,0.8,0.5,2.9,3.0,30.2,0.0,117,108
340,Kyle Lowry\lowryky01,PG,35,MIA,63,63,2133,6.5,14.7,.440,3.4,9.0,.377,3.1,5.7,.539,3.5,4.1,.851,0.8,5.8,6.6,11.1,1.6,0.4,3.9,4.2,19.8,0.0,118,110
341,Gabriel Lundberg\lundbga01,SG,27,PHO,4,0,44,5.5,20.8,.263,3.3,8.7,.375,2.2,12.0,.182,0.0,0.0,0.0,2.2,5.5,7.7,12.0,3.3,0.0,3.3,7.7,14.2,0.0,89,106
342,Timothé Luwawu-Cabarrot\luwawti01,SF,26,ATL,52,18,685,5.3,13.3,.398,3.2,8.8,.361,2.2,4.6,.469,2.5,2.9,.854,1.2,4.7,5.9,2.9,1.3,0.4,1.4,5.5,16.3,0.0,113,117
343,Trey Lyles\lylestr01,PF,26,TOT,75,23,1537,8.3,17.8,.466,2.1,6.6,.321,6.2,11.2,.552,6.2,7.7,.802,2.8,9.2,12.0,2.8,0.9,1.0,2.3,3.9,24.8,0.0,116,114
344,Théo Maledon\maledth01,PG,20,OKC,51,7,908,6.4,17.0,.375,2.4,8.0,.293,4.0,9.0,.449,4.2,5.4,.790,1.1,6.0,7.0,6.0,1.7,0.6,3.5,3.6,19.4,0.0,99,114
345,Sandro Mamukelashvili\mamuksa01,PF,22,MIL,41,3,407,6.7,13.6,.496,2.6,6.1,.423,4.1,7.4,.556,2.1,2.6,.818,4.1,5.5,9.7,2.6,1.1,1.1,1.8,3.3,18.2,0.0,126,114
346,Terance Mann\mannte01,SF,25,LAC,81,33,2317,7.1,14.6,.484,1.6,4.4,.365,5.5,10.2,.535,2.7,3.5,.780,2.2,6.8,9.0,4.4,1.2,0.4,1.8,3.8,18.4,0.0,117,112
347,Tre Mann\manntr01,PG,20,OKC,60,26,1367,8.2,21.0,.393,3.5,9.7,.360,4.7,11.3,.421,2.3,2.9,.793,0.9,5.2,6.1,3.2,1.7,0.4,2.5,3.6,22.3,0.0,97,114
348,Boban Marjanović\marjabo01,C,33,DAL,23,0,128,16.5,27.5,.600,0.4,1.6,.250,16.1,26.0,.621,5.1,8.7,.591,3.1,12.2,15.3,1.2,0.0,1.2,5.9,9.4,38.5,0.0,101,109
349,Lauri Markkanen\markkla01,PF,24,CLE,61,61,1878,8.3,18.7,.445,3.6,10.1,.358,4.7,8.6,.548,3.7,4.2,.868,1.6,7.6,9.2,2.2,1.2,0.8,1.4,3.5,23.9,0.0,117,110
350,Naji Marshall\marshna01,SF,24,NOP,55,4,735,7.3,18.1,.405,1.4,7.1,.200,5.9,11.0,.537,5.0,6.2,.796,2.6,7.0,9.5,4.2,2.2,0.5,3.1,4.6,21.0,0.0,103,112
351,Caleb Martin\martica02,SF,26,MIA,60,12,1372,7.6,15.0,.507,2.3,5.7,.413,5.3,9.3,.565,2.6,3.4,.763,2.6,5.8,8.4,2.3,2.1,1.1,1.9,3.8,20.1,0.0,119,108
352,Cody Martin\martico01,SF,26,CHO,71,11,1866,5.2,10.9,.482,1.6,4.1,.384,3.7,6.8,.542,1.9,2.8,.701,2.1,5.2,7.3,4.6,2.3,0.8,1.6,3.0,14.0,0.0,120,114
353,Kelan Martin\martike03,SF,26,TOT,30,1,450,7.6,18.6,.409,2.4,8.2,.293,5.2,10.5,.500,1.0,1.4,.692,1.9,4.1,6.0,2.3,1.4,1.0,1.5,3.9,18.6,0.0,100,118
354,Kenyon Martin Jr.\martike04,SF,21,HOU,79,2,1656,8.0,15.0,.533,1.7,4.8,.357,6.3,10.2,.617,2.2,3.5,.634,2.3,6.2,8.5,2.9,1.0,1.1,1.7,3.2,20.0,0.0,118,118
355,Garrison Mathews\mathega01,SG,25,HOU,65,33,1712,5.1,12.8,.399,3.9,10.7,.360,1.3,2.1,.600,4.0,5.0,.794,0.9,4.4,5.3,1.8,1.6,0.7,1.1,4.7,18.1,0.0,120,118
356,Dakota Mathias\mathida01,SG,26,MEM,6,0,16,6.0,17.9,.333,6.0,17.9,.333,0.0,0.0,0.0,0.0,0.0,0.0,0.0,6.0,6.0,3.0,3.0,0.0,0.0,3.0,17.9,0.0,116,109
357,Wesley Matthews\matthwe02,SG,35,MIL,49,14,1002,4.2,10.5,.395,2.5,7.5,.338,1.6,3.0,.540,1.1,1.3,.786,1.4,3.0,4.4,1.7,1.1,0.4,0.9,4.2,11.9,0.0,113,116
358,Tyrese Maxey\maxeyty01,PG,21,PHI,75,74,2650,9.1,18.7,.485,2.5,5.8,.427,6.6,12.9,.512,4.0,4.6,.866,0.5,4.0,4.5,6.0,1.0,0.6,1.7,2.9,24.7,0.0,121,115
359,Skylar Mays\mayssk01,SG,24,ATL,28,5,220,7.1,14.3,.500,1.8,5.6,.320,5.4,8.7,.615,1.8,2.0,.889,1.1,4.5,5.6,3.8,1.6,0.0,2.2,2.0,17.9,0.0,113,117
360,Miles McBride\mcbrimi01,PG,21,NYK,40,2,372,4.3,14.5,.296,2.3,9.1,.250,2.0,5.4,.375,1.1,1.6,.667,0.5,5.1,5.6,5.5,1.9,0.1,0.7,6.1,12.0,0.0,98,112
361,Mac McClung\mccluma01,SG-PG,23,TOT,2,0,25,5.8,11.5,.500,1.9,5.8,.333,3.8,5.8,.667,1.9,1.9,1.000,0.0,5.8,5.8,1.9,1.9,1.9,5.8,9.6,15.4,0.0,81,112
362,CJ McCollum\mccolcj01,SG,30,TOT,62,62,2145,12.3,26.6,.460,4.2,10.7,.388,8.1,15.9,.509,2.7,3.9,.682,1.2,4.9,6.2,7.2,1.6,0.5,2.9,2.8,31.3,0.0,111,117
363,T.J. McConnell\mccontj01,PG,29,IND,27,8,652,7.5,15.6,.481,0.8,2.5,.303,6.8,13.1,.514,1.4,1.7,.826,1.5,5.3,6.8,9.8,2.2,0.8,2.2,4.0,17.2,0.0,117,116
364,Jaden McDaniels\mcdanja02,PF,21,MIN,70,31,1803,6.7,14.6,.460,2.1,6.6,.317,4.6,8.0,.579,1.5,1.9,.803,2.0,5.7,7.7,2.1,1.4,1.4,2.0,5.9,17.1,0.0,108,113
365,Jalen McDaniels\mcdanja01,SF,24,CHO,55,2,895,6.6,13.6,.484,2.2,5.8,.380,4.4,7.8,.562,2.8,3.9,.736,2.0,7.1,9.1,3.1,1.4,1.2,1.9,5.0,18.2,0.0,116,114
366,Doug McDermott\mcderdo01,PF,30,SAS,51,51,1223,8.4,18.2,.462,4.2,10.0,.422,4.2,8.2,.512,1.6,2.0,.784,0.7,3.8,4.5,2.5,0.5,0.2,1.7,3.1,22.7,0.0,112,118
367,JaVale McGee\mcgeeja01,C,34,PHO,74,17,1172,11.8,18.8,.629,0.1,0.4,.222,11.7,18.4,.637,4.2,6.0,.699,6.7,13.7,20.4,1.7,0.9,3.3,4.0,7.4,27.9,0.0,118,102
368,Cameron McGriff\mcgrica01,SF,24,POR,3,0,46,5.3,14.9,.357,2.1,6.4,.333,3.2,8.5,.375,2.1,2.1,1.000,6.4,9.6,15.9,3.2,0.0,1.1,0.0,7.4,14.9,0.0,123,119
369,Rodney McGruder\mcgruro01,SG,30,DET,51,2,754,6.3,14.6,.436,3.8,9.4,.397,2.6,5.1,.506,1.2,1.7,.731,2.0,5.2,7.2,3.1,1.4,0.5,1.6,3.8,17.7,0.0,115,116
370,Alfonzo McKinnie\mckinal01,SF,29,CHI,17,3,206,5.7,14.5,.393,2.1,6.4,.333,3.6,8.1,.441,0.5,1.9,.250,3.1,4.7,7.8,1.2,0.5,0.7,1.7,6.2,14.0,0.0,95,117
371,JaQuori McLaughlin\mclauja01,PG,24,DAL,4,0,11,0.0,9.2,.000,0.0,4.6,.000,0.0,4.6,.000,0.0,0.0,0.0,0.0,0.0,0.0,9.2,0.0,0.0,0.0,4.6,0.0,0.0,57,118
372,Jordan McLaughlin\mclaujo01,PG,25,MIN,62,3,902,4.6,10.5,.440,1.4,4.5,.318,3.2,6.1,.530,1.6,2.1,.750,1.2,3.8,5.0,9.5,3.0,0.5,2.0,2.8,12.3,0.0,122,112
373,Ben McLemore\mclembe01,SG,28,POR,64,6,1285,8.2,20.5,.401,5.7,15.9,.362,2.5,4.6,.533,2.7,3.3,.818,0.5,3.5,3.9,2.2,1.4,0.4,2.1,3.9,24.9,0.0,108,120
374,De'Anthony Melton\meltode01,SG,23,MEM,73,15,1657,8.1,20.1,.404,4.0,10.7,.374,4.1,9.3,.440,2.6,3.5,.750,1.8,7.6,9.5,5.6,3.0,1.1,3.2,3.7,22.8,0.0,108,107
375,Sam Merrill\merrisa01,SG,25,MEM,6,0,58,6.6,19.8,.333,5.8,19.0,.304,0.8,0.8,1.000,1.6,3.3,.500,0.8,4.9,5.8,3.3,0.0,0.0,1.6,2.5,20.6,0.0,104,116
376,Chimezie Metu\metuch01,C,24,SAC,60,20,1279,7.6,16.9,.452,2.1,7.0,.306,5.5,9.9,.555,2.7,3.4,.780,1.3,11.3,12.6,2.3,1.9,1.2,2.3,3.5,20.1,0.0,104,111
377,Khris Middleton\middlkh01,SF,30,MIL,66,66,2141,10.1,22.9,.443,3.6,9.7,.373,6.5,13.2,.494,5.8,6.5,.890,0.9,7.1,8.0,8.0,1.7,0.4,4.3,3.6,29.7,0.0,112,112
378,C.J. Miles\milescj01,SG,34,BOS,1,0,2,0.0,0.0,0.0,0.0,0.0,0.0,0.0,0.0,0.0,0.0,0.0,0.0,0.0,0.0,0.0,0.0,0.0,0.0,0.0,24.8,0.0,0.0,0.0,115
379,Patty Mills\millspa02,PG,33,BRK,81,48,2346,6.7,16.4,.408,4.7,11.7,.400,2.0,4.7,.429,1.0,1.2,.814,0.4,2.9,3.2,3.8,1.1,0.4,1.5,2.3,19.1,0.0,112,117
380,Paul Millsap\millspa01,PF,36,TOT,33,1,376,5.8,14.9,.391,1.0,4.5,.229,4.8,10.4,.463,2.2,3.1,.708,5.3,9.5,14.8,3.8,1.3,1.7,2.5,8.7,14.9,0.0,103,110
381,Shake Milton\miltosh01,PG,25,PHI,55,6,1179,7.3,17.0,.429,1.8,5.6,.323,5.5,11.4,.481,2.6,3.1,.836,1.3,4.7,6.0,5.9,1.2,0.7,1.9,4.2,19.0,0.0,109,114
382,Davion Mitchell\mitchda01,PG,23,SAC,75,19,2076,8.2,19.5,.418,2.3,7.4,.316,5.8,12.1,.480,1.3,2.0,.659,0.8,3.1,3.8,7.3,1.3,0.6,2.6,3.3,20.0,0.0,101,118
383,Donovan Mitchell\mitchdo01,SG,25,UTA,67,67,2266,13.5,30.0,.448,5.1,14.3,.355,8.4,15.7,.533,5.8,6.8,.853,1.2,5.0,6.2,7.8,2.2,0.3,4.4,3.6,37.8,0.0,114,111
384,Evan Mobley\mobleev01,PF,20,CLE,69,69,2331,9.0,17.8,.508,0.5,2.0,.250,8.5,15.8,.541,3.6,5.4,.663,3.1,9.1,12.2,3.7,1.2,2.5,2.8,3.1,22.2,0.0,109,107
385,Malik Monk\monkma01,SG,23,LAL,76,37,2139,8.8,18.5,.473,3.9,9.9,.391,4.9,8.6,.568,2.1,2.6,.795,0.8,4.9,5.7,4.9,1.4,0.6,2.7,3.1,23.5,0.0,112,115
386,Greg Monroe\monrogr01,C,31,TOT,14,0,195,7.9,14.1,.561,0.0,0.0,0.0,7.9,14.1,.561,3.0,5.7,.522,7.4,8.4,15.8,5.4,2.0,2.5,3.0,5.9,18.8,0.0,121,108
387,Moses Moody\moodymo01,SG,19,GSW,52,11,607,6.4,14.7,.437,3.2,8.8,.364,3.2,5.9,.548,2.2,2.9,.778,1.4,5.1,6.4,1.8,0.6,0.8,1.0,3.5,18.3,0.0,115,111
388,Xavier Moon\moonxa01,SG,27,LAC,10,0,137,8.9,18.2,.490,1.8,5.0,.357,7.2,13.2,.541,1.1,1.8,.600,0.7,4.3,5.0,8.6,2.5,1.1,2.1,3.2,20.7,0.0,114,110
389,Matt Mooney\moonema01,SG,24,NYK,1,0,2,0.0,25.0,.000,0.0,25.0,.000,0.0,0.0,0.0,0.0,0.0,0.0,0.0,0.0,0.0,0.0,25.0,0.0,25.0,0.0,0.0,0.0,0,63
390,Ja Morant\moranja01,PG,22,MEM,57,57,1889,14.7,29.8,.493,2.2,6.5,.344,12.5,23.3,.534,8.0,10.5,.761,2.0,6.3,8.2,9.7,1.7,0.6,5.0,2.2,39.6,0.0,116,111
391,Juwan Morgan\morgaju01,PF,24,TOT,2,0,31,3.2,4.8,.667,1.6,3.2,.500,1.6,1.6,1.000,0.0,0.0,0.0,3.2,3.2,6.4,1.6,0.0,0.0,0.0,4.8,8.1,0.0,184,118
392,Jaylen Morris\morrija01,SG,26,SAS,3,0,16,0.0,18.0,.000,0.0,6.0,.000,0.0,12.0,.000,6.0,12.0,.500,0.0,6.0,6.0,6.0,0.0,0.0,3.0,6.0,6.0,0.0,40,117
393,Marcus Morris\morrima03,PF,32,LAC,54,54,1564,9.4,21.6,.434,3.2,8.6,.367,6.2,13.0,.478,4.0,4.6,.872,0.8,6.7,7.5,3.5,0.9,0.6,2.2,3.6,26.0,0.0,108,112
394,Markieff Morris\morrima02,PF,32,MIA,17,1,298,9.1,19.1,.474,2.2,6.5,.333,6.9,12.6,.547,1.3,1.5,.889,2.9,4.7,7.6,3.9,1.0,0.2,3.4,5.5,21.7,0.0,104,112
395,Monte Morris\morrimo01,PG,26,DEN,75,74,2239,8.2,16.9,.484,2.7,6.9,.395,5.5,10.1,.545,1.6,1.8,.869,0.6,4.4,5.0,7.3,1.2,0.3,1.7,2.0,20.7,0.0,120,115
396,Emmanuel Mudiay\mudiaem01,PG,25,SAC,2,0,11,0.0,8.7,.000,0.0,0.0,0.0,0.0,8.7,.000,13.1,17.5,.750,0.0,0.0,0.0,17.5,4.4,0.0,4.4,4.4,13.1,0.0,100,114
397,Mychal Mulder\muldemy01,PG,27,TOT,17,3,239,4.9,15.7,.312,3.5,11.0,.315,1.4,4.7,.304,0.8,0.8,1.000,0.4,4.5,4.9,1.0,0.8,0.4,1.6,2.6,14.0,0.0,83,116
398,Ade Murkey\murkead01,SG,24,SAC,1,0,1,0.0,0.0,0.0,0.0,0.0,0.0,0.0,0.0,0.0,0.0,0.0,0.0,0.0,0.0,0.0,0.0,0.0,0.0,0.0,0.0,0.0,0.0,0.0,124
399,Trey Murphy III\murphtr02,SF,21,NOP,62,1,864,6.2,15.8,.394,4.1,10.6,.382,2.2,5.2,.418,2.6,2.9,.882,2.7,5.7,8.4,2.2,1.3,0.4,0.9,3.4,19.1,0.0,120,115
400,Dejounte Murray\murrade01,PG,25,SAS,68,68,2366,11.6,25.2,.462,1.9,6.0,.327,9.7,19.2,.504,4.0,5.0,.794,1.6,9.8,11.4,12.7,2.8,0.5,3.7,2.8,29.2,0.0,113,108
401,Mike Muscala\muscami01,C,30,OKC,43,0,592,9.3,20.4,.456,5.8,13.4,.429,3.5,7.0,.506,3.9,4.7,.842,1.7,8.9,10.6,1.8,1.5,2.1,1.2,4.8,28.3,0.0,124,110
402,Svi Mykhailiuk\mykhasv01,SF,24,TOR,56,5,716,6.4,16.3,.389,2.9,9.4,.306,3.5,7.0,.500,2.2,2.6,.865,1.4,5.0,6.4,3.1,1.8,0.3,2.2,3.8,17.8,0.0,104,113
403,Abdel Nader\naderab01,SF,28,PHO,14,0,145,4.0,11.6,.343,1.3,4.6,.286,2.7,7.0,.381,2.0,3.3,.600,1.3,7.6,9.0,2.3,2.7,1.3,3.7,6.6,11.3,0.0,79,104
404,Larry Nance Jr.\nancela02,PF,29,TOT,46,11,1040,6.1,11.6,.522,1.1,3.3,.329,5.0,8.3,.599,1.9,2.7,.702,3.4,8.3,11.7,3.8,2.0,0.9,1.7,4.0,15.1,0.0,121,114
405,RJ Nembhard Jr.\nembhrj01,SG,22,CLE,14,0,63,4.8,14.3,.333,0.0,1.6,.000,4.8,12.7,.375,2.4,3.2,.750,2.4,3.2,5.5,9.5,0.8,0.0,2.4,1.6,11.9,0.0,98,115
406,Aaron Nesmith\nesmiaa01,SF,22,BOS,52,3,574,6.2,15.8,.396,2.7,10.0,.270,3.5,5.8,.612,1.8,2.3,.808,1.3,6.4,7.7,1.9,1.7,0.4,2.7,6.1,17.0,0.0,95,108
407,Raul Neto\netora01,PG,29,WAS,70,19,1372,7.4,15.9,.463,1.3,4.3,.292,6.1,11.6,.526,3.0,3.9,.769,0.5,4.4,4.8,7.8,2.0,0.1,2.8,3.7,19.0,0.0,108,116
408,Malik Newman\newmama01,PG,24,CLE,1,0,8,18.7,31.2,.600,0.0,6.2,.000,18.7,25.0,.750,12.5,12.5,1.000,0.0,6.2,6.2,6.2,0.0,0.0,6.2,0.0,49.9,0.0,118,115
409,Georges Niang\niangge01,PF,28,PHI,76,7,1736,7.1,16.2,.437,4.5,11.1,.403,2.6,5.1,.511,1.5,1.7,.881,0.7,5.1,5.8,2.9,0.9,0.4,1.7,5.5,20.1,0.0,113,115
410,Daishen Nix\nixda01,SG,19,HOU,24,0,261,4.9,12.2,.403,1.3,4.7,.269,3.6,7.5,.488,2.9,5.5,.533,1.3,4.7,6.0,7.3,2.7,0.0,4.7,3.8,14.0,0.0,92,116
411,Zeke Nnaji\nnajize01,PF,21,DEN,41,1,698,6.7,13.1,.516,2.6,5.6,.463,4.1,7.5,.557,2.9,4.6,.631,3.9,6.4,10.3,1.2,1.1,0.9,1.6,5.6,19.0,0.0,123,113
412,Nerlens Noel\noelne01,C,27,NYK,25,11,562,2.8,5.3,.533,0.0,0.3,.000,2.8,5.1,.561,1.9,2.7,.700,4.3,8.3,12.6,2.0,2.7,2.8,1.8,6.0,7.6,0.0,119,105
413,Jaylen Nowell\nowelja01,SG,22,MIN,62,1,975,9.6,20.2,.475,3.1,7.8,.394,6.5,12.3,.526,3.5,4.5,.783,1.1,4.9,6.0,6.3,1.3,0.5,1.8,3.6,25.7,0.0,121,115
414,Frank Ntilikina\ntilila01,PG,23,DAL,58,5,685,6.5,16.4,.399,2.8,8.2,.342,3.7,8.2,.455,1.8,1.8,.960,0.9,4.9,5.8,5.1,2.0,0.5,2.3,4.5,17.6,0.0,104,110
415,Jusuf Nurkić\nurkiju01,C,27,POR,56,56,1579,9.9,18.6,.535,0.5,1.7,.268,9.5,16.8,.563,5.7,8.3,.690,5.2,14.0,19.2,4.9,1.9,1.1,4.4,5.8,26.1,0.0,112,112
416,David Nwaba\nwabada01,SF,29,HOU,46,4,609,6.6,13.8,.483,1.2,3.8,.306,5.5,9.9,.551,3.8,5.2,.716,3.2,8.6,11.8,2.7,2.2,1.6,1.6,4.3,18.2,0.0,117,113
417,Jordan Nwora\nworajo01,SF,23,MIL,62,13,1185,7.5,18.7,.403,3.2,9.2,.348,4.3,9.5,.455,1.5,1.7,.837,1.5,7.5,9.0,2.4,1.0,0.7,2.3,3.2,19.7,0.0,100,113
418,Royce O'Neale\onealro01,SF,28,UTA,77,77,2406,4.2,9.1,.457,2.4,6.3,.389,1.7,2.8,.609,0.9,1.2,.804,1.3,6.2,7.6,3.9,1.8,0.7,1.6,3.8,11.7,0.0,122,111
419,Semi Ojeleye\ojelese01,PF,27,TOT,30,0,406,3.6,11.8,.303,1.8,5.9,.300,1.8,5.8,.306,2.7,3.4,.793,3.2,5.6,8.8,1.1,0.8,0.7,1.1,3.6,11.6,0.0,101,114
420,Chuma Okeke\okekech01,PF,23,ORL,70,20,1749,6.0,15.9,.376,3.3,10.3,.318,2.7,5.6,.480,1.5,1.8,.846,1.3,8.3,9.6,3.3,2.7,1.2,1.6,2.6,16.7,0.0,101,109
421,Josh Okogie\okogijo01,SG,23,MIN,49,6,516,3.9,9.6,.404,1.3,4.3,.298,2.6,5.3,.491,3.2,4.7,.686,2.7,3.8,6.5,2.3,2.4,1.1,2.1,4.9,12.3,0.0,107,112
422,Onyeka Okongwu\okongon01,C,21,ATL,48,6,992,7.7,11.2,.690,0.0,0.0,0.0,7.7,11.2,.690,4.0,5.4,.727,5.7,8.3,14.0,2.6,1.5,3.0,2.2,7.4,19.4,0.0,138,111
423,Isaac Okoro\okorois01,SF,21,CLE,67,61,1981,5.2,10.9,.480,1.4,4.0,.350,3.8,6.9,.555,3.0,3.9,.768,1.8,3.3,5.1,3.1,1.4,0.6,1.5,4.1,14.8,0.0,120,113
424,KZ Okpala\okpalkz01,PF,22,MIA,21,0,244,6.2,14.1,.435,1.8,5.3,.346,4.3,8.8,.488,1.6,2.3,.727,2.3,6.2,8.4,2.9,0.8,1.4,1.0,5.1,15.8,0.0,113,110
425,Victor Oladipo\oladivi01,SG,29,MIA,8,1,173,10.1,21.1,.479,4.3,10.4,.417,5.8,10.7,.541,4.0,5.5,.737,0.9,5.8,6.7,8.1,1.4,0.3,4.6,3.8,28.6,0.0,113,111
426,Cameron Oliver\oliveca01,SF,25,ATL,2,0,43,11.4,17.1,.667,1.1,3.4,.333,10.3,13.7,.750,2.3,3.4,.667,2.3,4.6,6.9,3.4,1.1,1.1,0.0,5.7,26.3,0.0,149,117
427,Kelly Olynyk\olynyke01,C,30,DET,40,1,764,8.2,18.3,.448,2.6,7.6,.336,5.6,10.7,.527,4.4,5.7,.775,3.4,7.9,11.3,7.1,2.0,1.2,3.7,6.4,23.3,0.0,112,112
428,Eugene Omoruyi\omorueu01,SF,24,DAL,4,0,18,5.6,14.0,.400,2.8,5.6,.500,2.8,8.4,.333,5.6,11.2,.500,5.6,14.0,19.6,5.6,0.0,0.0,0.0,5.6,19.6,0.0,130,110
429,Miye Oni\onimi01,SG,24,UTA,16,0,44,2.2,10.1,.222,1.1,9.0,.125,1.1,1.1,1.000,0.0,1.1,.000,1.1,6.7,7.9,5.6,0.0,0.0,1.1,7.9,5.6,0.0,83,115
430,Cedi Osman\osmande01,SF,26,CLE,66,3,1462,8.4,19.5,.432,4.4,12.3,.357,4.1,7.3,.559,3.0,4.5,.664,0.9,4.1,5.0,4.6,1.8,0.3,2.3,4.3,24.2,0.0,111,112
431,Daniel Oturu\oturuda01,C,22,TOR,3,0,27,5.6,11.1,.500,0.0,1.9,.000,5.6,9.3,.600,5.6,9.3,.600,1.9,7.4,9.3,0.0,0.0,3.7,0.0,1.9,16.7,0.0,123,111
432,Kelly Oubre Jr.\oubreke01,SF,26,CHO,76,13,1999,9.8,22.4,.440,4.6,13.3,.345,5.3,9.1,.578,3.0,4.5,.667,1.9,5.4,7.2,2.0,1.8,0.7,1.6,4.5,27.3,0.0,111,115
433,Jaysean Paige\paigeja01,PG,27,DET,1,0,7,0.0,20.9,.000,0.0,13.9,.000,0.0,7.0,.000,0.0,0.0,0.0,0.0,7.0,7.0,7.0,0.0,0.0,7.0,13.9,0.0,0.0,15,118
434,Trayvon Palmer\palmetr01,SG,27,DET,1,0,17,0.0,2.9,.000,0.0,0.0,0.0,0.0,2.9,.000,0.0,0.0,0.0,0.0,5.7,5.7,0.0,0.0,0.0,2.9,5.7,0.0,0.0,0,119
435,Kevin Pangos\pangoke01,PG,29,CLE,24,3,166,4.5,13.8,.326,1.8,7.8,.231,2.7,6.0,.450,0.9,1.2,.750,0.6,2.7,3.3,9.0,0.9,0.0,2.1,3.3,11.7,0.0,99,115
436,Jabari Parker\parkeja01,PF,26,BOS,12,0,112,8.0,16.9,.474,3.5,7.1,.500,4.4,9.8,.455,4.0,4.0,1.000,2.2,10.2,12.4,2.7,1.8,0.4,3.5,5.8,23.5,0.0,113,105
437,Eric Paschall\pascher01,PF,25,UTA,58,3,736,7.7,15.8,.485,2.7,7.3,.370,5.0,8.5,.583,4.4,5.8,.767,2.0,5.1,7.1,2.4,0.6,0.3,1.8,3.4,22.4,0.0,123,115
438,Chris Paul\paulch01,PG,36,PHO,65,65,2139,8.2,16.6,.493,1.4,4.5,.317,6.7,12.1,.559,3.8,4.5,.837,0.5,5.9,6.4,15.8,2.7,0.4,3.4,3.0,21.6,0.0,124,107
439,Cameron Payne\payneca01,PG,27,PHO,58,12,1278,9.0,22.1,.409,2.7,7.9,.336,6.4,14.2,.449,2.8,3.4,.843,0.9,5.7,6.6,10.6,1.5,0.6,3.9,4.5,23.6,0.0,104,109
440,Elfrid Payton\paytoel01,PG,27,PHO,50,1,549,5.9,15.3,.383,0.4,1.6,.222,5.5,13.8,.401,1.1,2.8,.375,1.8,5.9,7.7,8.7,2.2,0.5,4.1,3.3,13.1,0.0,87,108
441,Gary Payton II\paytoga02,PG,29,GSW,71,16,1247,8.3,13.5,.616,1.7,4.7,.358,6.6,8.8,.754,1.4,2.3,.603,2.8,6.8,9.7,2.5,3.8,0.9,1.6,5.1,19.6,0.0,129,103
442,Norvel Pelle\pelleno01,C,28,UTA,3,0,19,7.8,13.0,.600,0.0,0.0,0.0,7.8,13.0,.600,0.0,0.0,0.0,7.8,7.8,15.6,0.0,0.0,2.6,5.2,2.6,15.6,0.0,100,112
443,Reggie Perry\perryre01,PF,21,TOT,10,1,187,10.5,20.6,.506,0.8,4.2,.188,9.7,16.5,.587,2.4,3.9,.600,3.9,8.4,12.3,3.1,2.4,1.6,2.9,8.6,24.0,0.0,105,113
444,Jamorko Pickett\pickeja01,PF,24,DET,13,0,176,5.0,13.9,.360,3.6,10.8,.333,1.4,3.0,.455,0.3,0.6,.500,1.7,7.2,8.9,1.9,0.0,1.9,1.4,3.3,13.9,0.0,99,116
445,Theo Pinson\pinsoth01,SF,26,DAL,19,0,148,4.8,13.3,.359,3.4,10.2,.333,1.4,3.1,.444,3.4,3.4,1.000,0.7,6.5,7.1,5.8,1.7,0.7,1.7,4.1,16.3,0.0,117,109
446,Mason Plumlee\plumlma01,C,31,CHO,73,73,1793,5.5,8.6,.641,0.0,0.1,.000,5.5,8.5,.645,1.8,4.6,.392,4.7,10.4,15.1,6.0,1.6,1.4,2.7,6.0,12.8,0.0,122,111
447,Jakob Poeltl\poeltja01,C,26,SAS,68,67,1970,10.0,16.1,.618,0.0,0.0,1.000,10.0,16.1,.618,2.3,4.6,.495,6.4,9.1,15.4,4.6,1.1,2.9,2.7,5.2,22.3,0.0,123,110
448,Aleksej Pokusevski\pokusal01,PF,20,OKC,61,12,1233,7.3,18.0,.408,2.3,7.8,.289,5.1,10.2,.498,1.4,2.0,.700,2.9,9.7,12.6,5.2,1.5,1.5,3.7,3.5,18.3,0.0,96,111
449,Yves Pons\ponsyv01,SF,22,MEM,12,0,71,3.4,10.8,.313,2.0,6.1,.333,1.3,4.7,.286,0.0,1.3,.000,3.4,4.7,8.1,0.7,0.7,2.7,0.7,4.0,8.8,0.0,95,111
450,Jordan Poole\poolejo01,SG,22,GSW,76,51,2283,10.1,22.6,.448,4.5,12.4,.364,5.6,10.2,.550,5.3,5.7,.925,0.7,4.8,5.6,6.5,1.3,0.5,4.0,4.4,30.0,0.0,112,110
451,Kevin Porter Jr.\porteke02,PG,21,HOU,61,61,1907,8.4,20.2,.415,3.9,10.3,.375,4.5,9.9,.456,3.1,4.8,.642,1.1,5.6,6.7,9.4,1.7,0.5,4.8,3.9,23.7,0.0,103,117
452,Michael Porter Jr.\portemi01,SF,23,DEN,9,9,265,6.8,19.1,.359,1.9,8.9,.208,5.0,10.2,.491,0.9,1.7,.556,1.7,9.3,10.9,3.1,1.9,0.4,2.2,3.0,16.5,0.0,87,111
453,Otto Porter Jr.\porteot01,PF,28,GSW,63,15,1396,6.7,14.5,.464,2.8,7.5,.370,3.9,7.0,.565,1.7,2.1,.803,3.0,9.6,12.6,3.3,2.4,1.0,1.3,2.9,18.0,0.0,121,104
454,Bobby Portis\portibo01,C,26,MIL,72,59,2028,9.9,20.6,.479,3.1,8.0,.393,6.7,12.6,.533,2.0,2.7,.752,4.3,11.3,15.6,2.0,1.3,1.2,2.1,4.1,24.9,0.0,115,110
455,Kristaps Porziņģis\porzikr01,PF,26,TOT,51,51,1481,11.9,25.9,.459,2.6,8.5,.310,9.3,17.4,.532,8.4,9.7,.867,3.4,10.4,13.9,4.0,1.3,2.8,2.7,4.6,34.8,0.0,116,107
456,Micah Potter\pottemi01,C,23,DET,3,0,31,7.9,17.3,.455,0.0,3.1,.000,7.9,14.2,.556,3.1,3.1,1.000,6.3,7.9,14.2,0.0,1.6,1.6,1.6,6.3,18.9,0.0,108,112
457,Dwight Powell\poweldw01,C,30,DAL,82,71,1798,7.5,11.2,.671,0.4,1.0,.351,7.2,10.2,.703,4.6,5.9,.783,4.8,6.5,11.3,2.7,1.0,1.1,1.8,6.2,20.1,0.0,142,110
458,Myles Powell\powelmy01,PG,24,PHI,11,0,52,4.8,16.3,.294,1.0,5.8,.167,3.8,10.6,.364,1.9,1.9,1.000,1.0,4.8,5.8,2.9,1.0,0.0,2.9,7.7,12.5,0.0,74,115
459,Norman Powell\powelno01,SF-SG,28,TOT,45,41,1458,9.4,20.3,.461,3.6,8.5,.419,5.8,11.8,.491,6.3,7.8,.811,0.7,4.2,4.9,3.2,1.4,0.7,2.3,3.6,28.6,0.0,116,119
460,Joshua Primo\primojo01,SG,19,SAS,50,16,965,5.0,13.4,.374,2.1,6.8,.307,2.9,6.6,.444,2.2,2.9,.746,1.6,4.0,5.6,4.0,1.0,1.1,2.8,3.9,14.3,0.0,96,115
461,Taurean Prince\princta02,PF,27,MIN,69,8,1177,7.2,15.8,.454,3.5,9.3,.376,3.7,6.5,.565,2.5,3.3,.756,1.1,6.0,7.0,2.7,1.9,0.9,2.1,4.7,20.3,0.0,112,112
462,Payton Pritchard\pritcpa01,SG,24,BOS,71,2,1001,7.9,18.5,.429,5.0,12.2,.412,2.9,6.4,.461,1.0,1.0,1.000,1.6,5.1,6.7,6.9,1.2,0.3,2.0,3.0,21.9,0.0,120,110
463,Trevelin Queen\queentr01,SG,24,HOU,10,0,74,9.6,21.2,.455,5.8,15.4,.375,3.9,5.8,.667,2.6,2.6,1.000,4.5,5.8,10.3,2.6,3.2,0.6,4.5,3.9,27.7,0.0,109,114
464,Neemias Queta\quetane01,C,22,SAC,14,0,120,6.8,15.2,.447,0.0,0.0,0.0,6.8,15.2,.447,4.4,6.8,.647,5.6,6.8,12.4,2.4,0.4,3.2,2.4,7.2,18.0,0.0,106,115
465,Immanuel Quickley\quickim01,PG,22,NYK,78,3,1802,7.9,20.1,.392,3.8,11.0,.346,4.1,9.1,.448,4.9,5.6,.881,0.9,6.0,6.9,7.6,1.5,0.1,2.7,4.6,24.5,0.0,114,112
466,Jahmi'us Ramsey\ramseja01,SG,20,SAC,19,0,134,8.6,20.8,.414,1.8,6.5,.278,6.8,14.4,.475,2.5,5.0,.500,1.4,3.2,4.7,2.5,0.4,0.4,1.8,3.6,21.5,0.0,95,121
467,Julius Randle\randlju01,PF,27,NYK,72,72,2544,10.1,24.5,.411,2.4,7.7,.308,7.7,16.8,.458,6.0,7.9,.756,2.5,11.6,14.1,7.3,1.0,0.8,4.8,4.0,28.5,0.0,102,109
468,Austin Reaves\reaveau01,SG,23,LAL,61,19,1418,4.9,10.7,.459,1.8,5.6,.317,3.1,5.1,.616,3.3,4.0,.839,1.5,5.0,6.5,3.7,1.0,0.7,1.4,2.9,15.0,0.0,123,116
469,Cam Reddish\reddica01,SF,22,TOT,49,7,1012,8.0,19.9,.404,3.2,9.0,.359,4.8,10.9,.442,4.9,5.5,.902,1.2,3.9,5.1,2.3,2.3,0.7,2.8,2.9,24.2,0.0,105,114
470,Davon Reed\reedda01,SG,26,DEN,48,5,668,5.9,11.8,.503,2.7,6.3,.430,3.2,5.5,.587,0.7,1.1,.667,1.0,6.9,7.9,3.9,1.8,0.7,1.2,4.6,15.3,0.0,123,112
471,Paul Reed\reedpa01,C,22,PHI,38,2,302,8.9,15.9,.563,0.3,1.3,.250,8.6,14.5,.591,1.0,2.3,.429,7.3,7.9,15.2,2.6,5.5,2.3,1.7,9.4,19.2,0.0,122,100
472,Naz Reid\reidna01,C,22,MIN,77,6,1215,9.1,18.6,.489,2.2,6.5,.343,6.9,12.1,.568,4.5,5.8,.765,4.0,7.8,11.8,2.8,1.6,2.8,3.2,6.7,24.9,0.0,113,109
473,Nick Richards\richani01,C,24,CHO,50,5,367,7.8,11.8,.667,0.0,0.0,0.0,7.8,11.8,.667,3.9,5.6,.698,4.4,6.8,11.2,1.7,1.2,2.7,3.1,6.7,19.6,0.0,122,113
474,Josh Richardson\richajo01,SG,28,TOT,65,7,1600,7.2,16.4,.438,3.1,7.6,.415,4.1,8.8,.458,2.9,3.3,.889,1.3,4.4,5.7,3.5,1.7,0.9,2.0,3.6,20.4,0.0,113,110
475,Austin Rivers\riverau01,SG,29,DEN,67,18,1480,4.8,11.6,.417,2.6,7.7,.342,2.2,3.9,.563,1.1,1.5,.727,0.6,3.1,3.8,3.0,1.7,0.2,1.8,4.0,13.4,0.0,104,115
476,Duncan Robinson\robindu01,SG,27,MIA,79,68,2043,7.1,17.8,.399,5.7,15.3,.372,1.4,2.5,.569,1.2,1.5,.836,0.6,4.4,5.0,3.2,1.0,0.3,1.5,4.9,21.1,0.0,113,112
477,Justin Robinson\robinju01,PG,24,TOT,25,0,304,4.4,14.8,.301,2.9,9.7,.295,1.6,5.1,.313,0.6,1.3,.500,0.6,2.7,3.3,5.1,1.4,0.2,2.7,4.3,12.4,0.0,85,116
478,Mitchell Robinson\robinmi01,C,23,NYK,72,62,1848,7.1,9.3,.761,0.0,0.0,0.0,7.1,9.3,.761,2.4,4.9,.486,8.0,8.7,16.7,1.0,1.6,3.6,1.6,5.3,16.5,0.0,143,106
479,Jeremiah Robinson-Earl\robinje02,C,21,OKC,49,36,1087,6.0,14.5,.414,2.6,7.4,.352,3.4,7.1,.478,1.8,2.4,.741,3.4,8.9,12.3,2.2,1.3,0.7,1.7,3.4,16.4,0.0,108,113
480,Isaiah Roby\robyis01,PF,23,OKC,45,28,948,8.5,16.6,.514,2.3,5.1,.444,6.3,11.5,.545,4.0,6.0,.672,3.9,7.3,11.1,3.6,1.8,1.7,2.2,5.6,23.3,0.0,120,111
481,Rajon Rondo\rondora01,PG,35,TOT,39,1,697,4.8,12.4,.386,2.2,6.2,.352,2.6,6.2,.420,1.3,1.8,.731,1.1,6.5,7.6,12.0,2.1,0.4,4.8,3.9,13.1,0.0,101,111
482,Derrick Rose\rosede01,PG,33,NYK,26,4,636,9.6,21.6,.445,2.9,7.2,.402,6.7,14.3,.467,2.4,2.4,.968,1.7,4.5,6.1,8.1,1.7,0.9,3.1,1.2,24.5,0.0,112,112
483,Terrence Ross\rosste01,SG,30,ORL,63,0,1448,7.3,18.5,.397,2.6,8.8,.292,4.8,9.7,.493,3.7,4.3,.862,0.7,4.7,5.4,3.9,0.9,0.4,2.5,2.3,21.0,0.0,100,116
484,Terry Rozier\roziete01,SG,27,CHO,73,73,2458,10.1,22.8,.444,4.3,11.6,.374,5.8,11.2,.516,2.9,3.4,.852,1.1,5.1,6.1,6.4,1.8,0.5,1.9,2.3,27.5,0.0,117,115
485,Ricky Rubio\rubiori01,PG,31,CLE,34,8,970,7.7,21.2,.363,3.0,9.0,.339,4.6,12.2,.380,4.5,5.3,.854,0.8,6.5,7.3,11.6,2.5,0.4,4.6,3.9,22.9,0.0,102,108
486,D'Angelo Russell\russeda01,PG,25,MIN,65,65,2077,9.2,22.3,.411,4.0,11.9,.340,5.2,10.5,.492,4.5,5.5,.825,0.6,4.4,4.9,10.5,1.4,0.5,3.8,3.0,26.9,0.0,112,115
487,Matt Ryan\ryanma01,SF,24,BOS,1,0,5,9.9,49.7,.200,9.9,49.7,.200,0.0,0.0,0.0,0.0,0.0,0.0,0.0,0.0,0.0,0.0,9.9,0.0,0.0,0.0,29.8,0.0,65,94
488,Domantas Sabonis\sabondo01,C-PF,25,TOT,62,61,2136,10.1,17.6,.573,0.9,2.9,.312,9.2,14.8,.623,5.6,7.6,.741,4.6,12.6,17.2,7.4,1.3,0.6,4.5,4.6,26.7,0.0,121,113
489,Olivier Sarr\sarrol01,C,22,OKC,22,2,421,6.7,11.7,.574,1.5,3.4,.448,5.2,8.3,.625,2.8,3.4,.828,3.9,6.8,10.8,2.2,0.7,1.7,2.5,6.0,17.7,0.0,123,114
490,Tomáš Satoranský\satorto01,SG,30,TOT,55,13,906,3.9,10.4,.377,0.6,2.9,.208,3.3,7.5,.442,2.3,2.9,.796,1.5,5.4,6.9,10.0,1.6,0.3,2.5,3.9,10.8,0.0,109,115
491,Jordan Schakel\schakjo01,SG,23,WAS,4,0,30,1.6,18.1,.091,1.6,9.9,.167,0.0,8.2,.000,3.3,3.3,1.000,3.3,9.9,13.2,0.0,1.6,0.0,1.6,0.0,8.2,0.0,55,114
492,Admiral Schofield\schofad01,SF,24,ORL,38,1,469,5.6,13.3,.419,2.7,8.1,.329,2.9,5.2,.560,1.2,1.5,.800,1.8,7.4,9.2,2.6,0.4,0.5,2.2,6.0,15.1,0.0,102,115
493,Dennis Schröder\schrode01,SG-PG,28,TOT,64,29,1837,8.4,19.4,.431,2.3,6.7,.344,6.1,12.7,.477,4.2,4.9,.853,0.9,4.8,5.7,7.9,1.4,0.2,3.8,4.1,23.2,0.0,107,112
494,Tre Scott\scotttr01,SF,25,CLE,2,0,11,13.6,27.2,.500,0.0,4.5,.000,13.6,22.7,.600,0.0,0.0,0.0,4.5,4.5,9.1,0.0,4.5,4.5,0.0,9.1,27.2,0.0,106,100
495,Jay Scrubb\scrubja01,SG,21,LAC,18,0,121,7.3,18.6,.391,2.4,8.5,.286,4.9,10.1,.480,2.8,4.0,.700,0.8,5.7,6.5,3.2,1.6,1.2,2.8,3.6,19.8,0.0,93,111
496,Wayne Selden\seldewa01,SG,27,NYK,3,0,19,2.6,10.5,.250,2.6,5.3,.500,0.0,5.3,.000,5.3,10.5,.500,0.0,2.6,2.6,2.6,0.0,0.0,0.0,2.6,13.2,0.0,103,118
497,Alperen Şengün\sengual01,C,19,HOU,72,13,1489,8.0,16.8,.474,0.9,3.7,.248,7.0,13.0,.539,5.3,7.4,.711,4.4,8.2,12.6,5.9,1.9,2.2,4.6,6.8,22.1,0.0,107,113
498,Collin Sexton\sextoco01,SG,23,CLE,11,11,316,10.7,23.9,.450,1.7,7.1,.244,9.0,16.8,.538,4.6,6.2,.744,2.1,3.6,5.7,3.6,1.6,0.0,4.9,4.0,27.8,0.0,96,113
499,Landry Shamet\shamela01,SG,24,PHO,69,14,1437,6.4,16.2,.394,4.1,11.2,.368,2.3,5.1,.450,2.3,2.7,.840,0.5,3.7,4.2,3.6,0.9,0.3,1.4,3.1,19.2,0.0,111,112
500,Day'Ron Sharpe\sharpda01,PF,20,BRK,32,8,391,10.7,18.5,.577,0.2,0.9,.286,10.4,17.6,.592,3.0,5.1,.585,10.0,9.8,19.8,2.1,1.2,1.9,3.7,7.4,24.5,0.0,118,111
501,Pascal Siakam\siakapa01,PF,27,TOR,68,68,2578,11.6,23.4,.494,1.5,4.2,.344,10.1,19.2,.527,5.5,7.3,.749,2.5,8.8,11.2,7.0,1.6,0.8,3.5,4.4,30.1,0.0,116,110
502,Chris Silva\silvach01,PF,25,TOT,10,0,91,4.4,8.2,.533,0.0,0.0,0.0,4.4,8.2,.533,5.5,6.6,.833,7.1,12.6,19.8,3.8,0.0,0.5,4.4,11.0,14.3,0.0,119,109
503,Marko Simonovic\simonma01,C,22,CHI,9,0,35,5.6,20.9,.267,1.4,7.0,.200,4.2,14.0,.300,11.2,15.3,.727,7.0,7.0,14.0,0.0,1.4,1.4,2.8,8.4,23.7,0.0,96,113
504,Anfernee Simons\simonan01,SG,22,POR,57,30,1681,10.3,23.2,.443,5.2,12.8,.405,5.1,10.3,.490,3.0,3.4,.888,0.8,3.6,4.4,6.4,0.9,0.2,3.3,3.2,28.7,0.0,112,121
505,Zavier Simpson\simpsza01,PG,24,OKC,4,4,174,5.3,14.6,.365,0.3,2.2,.125,5.0,12.3,.409,1.4,1.4,1.000,0.6,5.3,5.9,8.4,1.4,1.1,2.8,4.2,12.3,0.0,91,114
506,Jericho Sims\simsje01,PF,23,NYK,41,5,555,3.5,4.9,.722,0.0,0.0,0.0,3.5,4.9,.722,1.1,2.6,.414,5.5,9.7,15.2,1.9,1.0,2.0,1.8,5.9,8.1,0.0,129,109
507,Deividas Sirvydis\sirvyde01,SG,21,DET,3,0,27,1.8,18.1,.100,1.8,12.6,.143,0.0,5.4,.000,0.0,0.0,0.0,0.0,10.8,10.8,1.8,5.4,1.8,0.0,7.2,5.4,0.0,41,102
508,Javonte Smart\smartja01,PG,22,TOT,17,1,200,4.6,14.5,.317,1.9,6.5,.296,2.7,8.0,.333,1.2,1.5,.833,1.2,4.6,5.8,3.9,1.5,0.7,2.7,2.9,12.3,0.0,84,113
509,Marcus Smart\smartma01,PG,27,BOS,71,71,2296,6.5,15.5,.418,2.6,7.8,.331,3.9,7.7,.506,3.1,3.9,.793,0.9,4.9,5.8,9.0,2.6,0.4,3.4,3.5,18.6,0.0,110,107
510,Dennis Smith Jr.\smithde03,PG,24,POR,37,4,638,6.0,14.5,.418,0.5,2.1,.222,5.6,12.4,.451,3.2,4.9,.656,1.5,5.2,6.7,10.1,3.4,0.9,3.9,4.0,15.8,0.0,101,114
511,Ish Smith\smithis01,PG,33,TOT,65,1,1126,8.0,18.6,.430,1.1,2.9,.373,6.9,15.7,.441,0.6,1.0,.625,1.1,5.0,6.1,10.6,2.0,1.0,3.4,3.4,17.8,0.0,101,114
512,Jalen Smith\smithja04,PF,21,TOT,51,8,925,9.3,18.4,.503,2.1,6.4,.328,7.1,12.0,.596,4.1,5.4,.765,5.3,10.8,16.1,1.3,0.8,2.2,2.2,5.0,24.7,0.0,119,111
513,Xavier Sneed\sneedxa01,SF,24,TOT,9,0,39,2.5,12.6,.200,1.3,10.1,.125,1.3,2.5,.500,0.0,0.0,0.0,2.5,5.0,7.6,1.3,0.0,0.0,0.0,2.5,6.3,0.0,75,117
514,Tony Snell\snellto01,SG,30,TOT,53,12,823,4.1,10.2,.404,2.7,7.6,.352,1.4,2.6,.558,0.2,0.2,1.000,1.0,5.2,6.1,1.7,1.0,0.5,1.1,4.2,11.1,0.0,106,119
515,Jaden Springer\sprinja01,SG,19,PHI,2,0,6,8.3,8.3,1.000,0.0,0.0,0.0,8.3,8.3,1.000,0.0,0.0,0.0,8.3,8.3,16.6,0.0,0.0,16.6,8.3,0.0,16.6,0.0,101,95
516,Cassius Stanley\stanlca01,SG,22,DET,9,1,155,6.0,14.5,.413,1.3,5.4,.235,4.7,9.1,.517,3.1,3.1,1.000,1.6,4.4,6.0,1.3,1.6,0.6,1.9,5.4,16.4,0.0,101,116
517,Nik Stauskas\stausni01,SG,28,TOT,8,0,39,6.4,17.9,.357,5.1,12.8,.400,1.3,5.1,.250,5.1,7.7,.667,1.3,2.6,3.8,2.6,0.0,0.0,1.3,1.3,23.0,0.0,113,116
518,Lance Stephenson\stephla01,SG-SF,31,TOT,46,1,814,8.8,19.4,.455,1.6,5.4,.300,7.2,14.0,.515,3.8,4.8,.788,0.7,6.9,7.6,9.9,1.4,0.2,4.3,5.8,23.1,0.0,107,117
519,Lamar Stevens\stevela01,PF,24,CLE,63,13,1015,7.7,15.7,.489,0.9,3.2,.277,6.8,12.5,.543,2.6,3.7,.707,2.3,5.8,8.1,2.2,1.5,0.9,2.0,5.2,18.8,0.0,107,110
520,Isaiah Stewart\stewais01,C,20,DET,71,71,1816,6.7,13.2,.510,0.4,1.2,.326,6.3,11.9,.529,2.0,2.8,.718,6.1,10.5,16.6,2.2,0.6,2.1,2.3,5.7,15.8,0.0,113,112
521,Max Strus\strusma01,SF,25,MIA,68,16,1587,7.8,17.8,.441,5.7,13.9,.410,2.1,3.8,.557,1.3,1.7,.792,0.8,5.6,6.4,2.9,0.9,0.5,1.8,3.7,22.7,0.0,116,112
522,Jalen Suggs\suggsja01,PG,20,ORL,48,45,1307,7.3,20.3,.361,1.6,7.3,.214,5.8,13.0,.443,4.7,6.0,.773,1.0,5.4,6.3,7.7,2.2,0.7,5.3,5.3,20.9,0.0,88,112
523,Craig Sword\swordcr01,SG,28,WAS,3,0,19,7.8,10.4,.750,0.0,2.6,.000,7.8,7.8,1.000,0.0,0.0,0.0,0.0,0.0,0.0,2.6,10.4,0.0,2.6,18.2,15.6,0.0,115,99
524,Keifer Sykes\sykeske01,PG,28,IND,32,11,566,6.0,16.4,.363,2.3,7.8,.300,3.6,8.7,.420,1.3,1.5,.882,0.7,3.2,3.9,5.4,1.0,0.3,2.9,4.4,15.6,0.0,94,120
525,Jae'Sean Tate\tateja01,SF,26,HOU,78,77,2056,8.4,16.9,.498,1.5,4.7,.312,6.9,12.2,.569,3.0,4.3,.707,3.1,6.6,9.7,5.1,1.7,0.9,3.2,6.6,21.3,0.0,111,116
526,Jayson Tatum\tatumja01,SF,23,BOS,76,76,2731,12.9,28.5,.453,4.2,11.8,.353,8.7,16.6,.524,7.3,8.5,.853,1.5,9.5,11.1,6.1,1.4,0.9,3.9,3.2,37.2,0.0,113,106
527,Terry Taylor\taylote01,SG,22,IND,33,7,714,9.3,15.1,.614,0.8,2.6,.316,8.4,12.5,.676,2.5,3.5,.706,6.5,5.3,11.8,2.8,1.0,0.5,1.6,4.2,21.8,0.0,135,119
528,Garrett Temple\templga01,SG,35,NOP,59,16,1098,5.0,13.3,.376,2.7,8.3,.319,2.3,4.9,.473,1.3,1.8,.683,1.3,5.1,6.4,3.3,1.9,1.0,1.9,3.6,13.9,0.0,101,113
529,Emanuel Terry\terryem01,PF,25,PHO,3,0,18,0.0,13.4,.000,0.0,0.0,0.0,0.0,13.4,.000,0.0,0.0,0.0,21.4,18.7,40.1,5.3,2.7,0.0,13.4,10.7,0.0,0.0,61,99
530,Tyrell Terry\terryty01,PG,21,MEM,2,0,3,15.9,15.9,1.000,0.0,0.0,0.0,15.9,15.9,1.000,0.0,0.0,0.0,0.0,0.0,0.0,0.0,0.0,0.0,0.0,15.9,31.9,0.0,200,118
531,Jon Teske\teskejo01,C,24,MEM,3,0,8,0.0,6.0,.000,0.0,0.0,0.0,0.0,6.0,.000,0.0,12.0,.000,0.0,12.0,12.0,6.0,6.0,0.0,0.0,6.0,0.0,0.0,32,99
532,Daniel Theis\theisda01,C,29,TOT,47,27,977,7.5,14.4,.519,1.6,5.3,.308,5.8,9.1,.641,2.4,3.6,.681,2.9,8.4,11.3,2.0,1.0,1.5,2.3,5.5,19.0,0.0,113,112
533,Brodric Thomas\thomabr01,SG,25,BOS,12,0,60,6.6,14.9,.444,1.7,7.5,.222,5.0,7.5,.667,2.5,4.1,.600,1.7,6.6,8.3,9.1,0.8,0.8,5.0,5.8,17.4,0.0,101,109
534,Cam Thomas\thomaca02,SG,20,BRK,67,2,1176,9.0,20.7,.433,1.9,7.2,.270,7.0,13.6,.520,3.6,4.3,.829,0.7,6.0,6.6,3.2,1.4,0.3,2.3,2.7,23.5,0.0,103,115
535,Isaiah Thomas\thomais02,PG,32,TOT,22,1,333,9.7,24.1,.401,4.0,12.0,.337,5.6,12.1,.464,3.2,3.8,.846,0.6,3.6,4.2,4.9,1.0,0.7,2.2,4.9,26.6,0.0,104,117
536,Matt Thomas\thomama02,SG,27,CHI,40,0,459,5.9,14.3,.410,3.7,9.7,.385,2.1,4.6,.465,1.7,2.1,.800,0.3,5.0,5.3,2.1,0.9,0.3,0.9,1.9,17.1,0.0,113,117
537,Klay Thompson\thompkl01,SG,31,GSW,32,32,941,12.7,29.7,.429,5.9,15.3,.385,6.8,14.4,.477,2.4,2.6,.902,0.8,5.7,6.5,4.6,0.8,0.9,2.2,2.8,33.8,0.0,107,110
538,Tristan Thompson\thomptr01,PF,30,TOT,57,6,897,7.6,14.4,.528,0.1,0.2,.333,7.6,14.3,.530,3.3,6.3,.526,6.5,9.1,15.6,1.8,1.2,1.1,2.4,5.3,18.6,0.0,112,114
539,JT Thor\thorjt01,PF,19,CHO,33,0,262,4.4,10.1,.436,1.3,4.9,.259,3.1,5.1,.607,2.2,3.7,.600,2.0,5.9,7.9,3.5,1.5,2.0,1.8,4.8,12.3,0.0,108,114
540,Matisse Thybulle\thybuma01,SG,24,PHI,66,50,1685,4.4,8.9,.500,1.3,4.3,.313,3.1,4.6,.673,1.0,1.3,.791,1.2,3.2,4.5,2.2,3.4,2.1,1.2,4.7,11.2,0.0,116,108
541,Killian Tillie\tilliki02,C,23,MEM,36,3,461,4.5,13.2,.339,2.8,8.9,.314,1.7,4.3,.390,0.5,0.8,.625,2.2,4.0,6.2,2.3,2.4,1.6,1.3,6.0,12.2,0.0,101,109
542,Xavier Tillman Sr.\tillmxa01,PF,23,MEM,53,2,701,6.7,14.7,.454,0.7,3.3,.204,6.0,11.4,.527,3.1,4.8,.648,4.5,6.5,11.0,4.2,3.3,1.0,2.3,4.3,17.2,0.0,112,107
543,Isaiah Todd\toddis01,PF,20,WAS,12,0,74,4.7,17.4,.269,2.7,10.7,.250,2.0,6.7,.300,1.3,4.0,.333,2.0,6.0,8.0,2.7,2.7,1.3,2.7,2.7,13.4,0.0,74,112
544,Obi Toppin\toppiob01,PF,23,NYK,72,10,1230,10.2,19.2,.531,2.1,6.9,.308,8.1,12.4,.655,3.8,5.0,.758,2.8,8.1,10.9,3.1,1.0,1.3,2.3,4.1,26.4,0.0,120,111
545,Juan Toscano-Anderson\toscaju01,SF,28,GSW,73,6,994,5.6,11.5,.489,1.4,4.3,.322,4.3,7.3,.588,2.0,3.4,.571,1.4,7.3,8.6,6.2,2.4,0.8,3.3,5.6,14.6,0.0,106,106
546,Karl-Anthony Towns\townska01,C,26,MIN,74,74,2476,12.3,23.3,.529,2.9,7.0,.410,9.5,16.3,.580,7.4,9.0,.822,3.7,10.2,14.0,5.2,1.4,1.6,4.3,5.1,34.9,0.0,121,110
547,Gary Trent Jr.\trentga02,SG,23,TOR,70,69,2448,9.2,22.2,.414,4.3,11.1,.383,4.9,11.0,.445,3.6,4.2,.853,0.5,3.4,3.9,2.9,2.5,0.4,1.5,2.9,26.2,0.0,114,112
548,P.J. Tucker\tuckepj01,PF,36,MIA,71,70,1981,5.2,10.8,.484,2.0,4.9,.415,3.2,5.9,.540,1.1,1.5,.738,2.5,7.2,9.8,3.8,1.5,0.4,1.7,4.1,13.6,0.0,120,110
549,Rayjon Tucker\tuckera01,SG,24,TOT,5,0,71,4.1,6.1,.667,2.7,3.4,.800,1.4,2.7,.500,3.4,4.8,.714,2.0,3.4,5.5,6.8,2.7,0.0,0.7,3.4,14.3,0.0,178,112
550,Myles Turner\turnemy01,C,25,IND,42,42,1235,7.9,15.6,.509,2.4,7.3,.333,5.5,8.3,.662,3.1,4.2,.752,2.6,9.2,11.8,1.7,1.1,4.7,2.1,4.7,21.4,0.0,117,111
551,Jonas Valančiūnas\valanjo01,C,29,NOP,74,74,2240,11.2,20.7,.544,1.3,3.5,.361,10.0,17.2,.581,5.2,6.4,.820,5.0,13.6,18.6,4.2,0.9,1.3,3.9,5.4,29.0,0.0,118,111
552,Denzel Valentine\valende01,SG,28,TOT,24,0,222,5.6,14.8,.379,4.3,10.6,.404,1.3,4.3,.316,0.0,0.0,0.0,2.0,7.4,9.4,2.5,1.8,0.0,2.7,4.5,15.5,0.0,98,110
553,Jarred Vanderbilt\vandeja01,PF,22,MIN,74,67,1880,5.4,9.1,.587,0.1,0.4,.143,5.3,8.8,.605,2.2,3.3,.656,5.4,10.3,15.8,2.4,2.5,1.2,1.8,4.6,13.0,0.0,127,108
554,Fred VanVleet\vanvlfr01,PG,27,TOR,65,65,2462,9.0,22.3,.403,4.9,13.0,.377,4.1,9.2,.440,3.9,4.5,.874,0.9,5.0,5.9,8.8,2.3,0.7,3.5,3.3,26.8,0.0,115,111
555,Devin Vassell\vassede01,SF,21,SAS,71,32,1937,8.1,18.9,.427,3.4,9.4,.361,4.7,9.5,.492,2.1,2.5,.838,1.1,6.5,7.6,3.4,1.9,1.0,1.4,3.5,21.6,0.0,109,112
556,Gabe Vincent\vincega01,PG,25,MIA,68,27,1589,6.7,16.2,.417,3.7,10.2,.368,3.0,6.0,.500,1.4,1.7,.815,0.7,3.3,4.0,6.6,2.0,0.4,3.1,5.0,18.6,0.0,107,111
557,Nikola Vučević\vucevni01,C,31,CHI,73,73,2418,11.0,23.3,.473,2.1,6.7,.314,8.9,16.6,.537,1.9,2.4,.760,2.9,13.4,16.2,4.8,1.4,1.4,2.7,3.7,26.0,0.0,107,110
558,Dean Wade\wadede01,PF,25,CLE,51,28,980,5.0,11.1,.456,2.6,7.2,.359,2.4,3.8,.640,1.0,1.5,.667,1.6,6.1,7.6,2.6,1.5,0.4,0.8,4.5,13.7,0.0,122,111
559,Franz Wagner\wagnefr01,SF,20,ORL,79,79,2429,9.1,19.4,.468,1.9,5.4,.354,7.2,14.0,.511,3.8,4.4,.863,1.7,5.4,7.1,4.6,1.4,0.7,2.4,3.3,23.8,0.0,110,114
560,Moritz Wagner\wagnemo01,C,24,ORL,63,3,960,9.9,20.0,.497,3.3,10.1,.328,6.6,9.8,.672,5.2,6.5,.806,2.1,9.6,11.7,4.4,1.0,0.7,2.8,6.2,28.4,0.0,118,112
561,Ish Wainright\wainris01,PF,27,PHO,45,0,359,5.5,13.9,.394,2.5,7.9,.322,2.9,6.0,.489,0.9,1.6,.583,3.6,3.6,7.2,2.0,2.7,0.8,1.7,6.6,14.5,0.0,104,107
562,Kemba Walker\walkeke02,PG,31,NYK,37,37,948,7.9,19.5,.403,3.9,10.5,.367,4.0,9.0,.444,3.2,3.7,.845,0.7,5.1,5.9,6.9,1.4,0.4,2.5,2.0,22.7,0.0,112,113
563,Lonnie Walker IV\walkelo01,SG,23,SAS,70,6,1612,9.3,22.7,.407,3.3,10.5,.314,6.0,12.2,.487,3.5,4.4,.784,0.5,4.9,5.4,4.5,1.3,0.6,2.1,2.9,25.3,0.0,103,115
564,M.J. Walker\walkemj01,SG,23,PHO,2,0,8,0.0,24.1,.000,0.0,12.0,.000,0.0,12.0,.000,0.0,0.0,0.0,0.0,6.0,6.0,6.0,12.0,0.0,0.0,6.0,0.0,0.0,18,86
565,Tyrone Wallace\wallaty01,SG,27,NOP,6,0,75,4.6,13.2,.350,1.3,5.3,.250,3.3,7.9,.417,0.7,3.3,.200,0.0,5.3,5.3,0.7,2.0,0.7,1.3,4.6,11.2,0.0,75,114
566,Derrick Walton\waltode01,PG,26,DET,3,3,108,2.7,11.7,.231,1.4,5.9,.231,1.4,5.9,.231,1.8,1.8,1.000,0.9,3.6,4.5,9.5,3.2,1.8,5.0,3.6,8.6,0.0,77,111
567,Brad Wanamaker\wanambr01,PG,32,TOT,23,2,320,4.3,11.8,.364,0.6,2.6,.235,3.7,9.2,.400,3.5,3.8,.920,0.9,5.1,6.0,8.4,1.1,0.9,3.5,6.9,12.7,0.0,100,118
568,Duane Washington Jr.\washidu02,PG,21,IND,48,7,968,8.8,21.6,.405,4.1,10.9,.377,4.7,10.7,.434,2.3,3.1,.754,0.2,4.0,4.2,4.3,1.3,0.2,2.9,3.3,23.9,0.0,101,119
569,P.J. Washington\washipj01,PF,23,CHO,65,28,1768,6.8,14.4,.470,3.0,8.2,.365,3.8,6.3,.606,1.6,2.2,.716,2.2,6.9,9.1,4.0,1.5,1.7,2.2,4.1,18.1,0.0,114,113
570,Yuta Watanabe\watanyu01,SF,27,TOR,38,4,445,6.3,15.5,.406,3.0,8.9,.342,3.3,6.6,.492,2.7,4.5,.600,2.0,8.3,10.3,2.4,1.2,1.8,2.1,4.3,18.3,0.0,106,110
571,Lindy Waters III\waterli01,SG,24,OKC,25,1,465,7.4,18.3,.406,5.6,15.3,.363,1.9,3.0,.621,0.4,0.5,.800,0.6,7.0,7.6,2.5,2.0,0.8,1.2,3.2,20.8,0.0,110,112
572,Tremont Waters\watertr01,PG,24,TOT,3,0,50,4.0,14.0,.286,2.0,9.0,.222,2.0,5.0,.400,0.0,0.0,0.0,0.0,4.0,4.0,7.0,5.0,0.0,4.0,4.0,10.0,0.0,76,107
573,Trendon Watford\watfotr01,SF,21,POR,48,10,869,8.0,15.0,.532,0.5,2.1,.237,7.5,12.9,.581,4.0,5.3,.755,3.2,8.0,11.2,4.6,1.4,1.6,2.5,6.5,20.5,0.0,118,116
574,Paul Watson\watsopa01,SF,27,OKC,9,3,156,3.7,10.9,.343,1.9,8.1,.231,1.9,2.8,.667,0.3,0.6,.500,0.9,7.5,8.4,2.5,0.9,0.9,1.2,3.1,9.7,0.0,91,114
575,Quinndary Weatherspoon\weathqu01,SG,25,GSW,11,0,73,8.0,14.0,.571,0.7,3.3,.200,7.3,10.7,.688,3.3,3.3,1.000,1.3,8.0,9.4,3.3,0.7,0.7,2.0,10.0,20.0,0.0,123,109
576,Russell Westbrook\westbru01,PG,33,LAL,78,78,2678,9.8,22.1,.444,1.4,4.7,.298,8.4,17.3,.485,4.8,7.1,.667,2.0,8.4,10.4,9.8,1.3,0.4,5.3,4.2,25.8,0.0,102,114
577,Coby White\whiteco01,PG,21,CHI,61,17,1675,8.1,18.8,.433,4.0,10.3,.385,4.2,8.5,.491,2.3,2.7,.857,0.5,4.8,5.3,5.1,0.8,0.3,2.0,4.0,22.5,0.0,111,117
578,Derrick White\whitede01,SG,27,TOT,75,52,2199,7.4,17.7,.421,2.5,8.1,.312,4.9,9.5,.515,4.5,5.2,.864,0.8,4.9,5.8,8.1,1.4,1.3,2.6,3.8,21.9,0.0,114,112
579,Hassan Whiteside\whiteha01,C,32,UTA,65,8,1162,9.1,14.0,.652,0.0,0.0,0.0,9.1,14.0,.652,4.4,7.1,.623,7.1,14.0,21.0,1.1,0.9,4.4,2.3,7.6,22.7,0.0,132,104
580,Joe Wieskamp\wieskjo01,SG,22,SAS,29,0,205,4.7,13.1,.357,3.3,10.1,.326,1.4,3.0,.462,1.6,3.0,.538,0.9,2.3,3.3,2.1,0.9,0.7,0.5,3.3,14.3,0.0,107,117
581,Aaron Wiggins\wiggiaa01,SG,23,OKC,50,35,1209,6.3,13.6,.463,1.7,5.6,.304,4.6,8.0,.573,2.5,3.4,.729,2.1,5.1,7.2,2.7,1.2,0.4,2.2,3.7,16.8,0.0,107,116
582,Andrew Wiggins\wiggian01,SF,26,GSW,73,73,2329,9.9,21.3,.466,3.3,8.4,.393,6.7,13.0,.513,3.1,4.9,.634,1.8,5.0,6.8,3.4,1.6,1.1,2.3,3.3,26.3,0.0,109,109
583,Lindell Wigginton\wiggili01,PG,23,MIL,19,0,199,6.3,14.7,.426,2.2,6.3,.346,4.1,8.4,.486,4.6,8.4,.543,0.7,5.3,6.0,5.6,1.2,0.2,2.9,4.1,19.3,0.0,105,114
584,Brandon Williams\willibr03,PG,22,POR,24,16,640,8.0,21.5,.372,2.4,8.1,.292,5.6,13.4,.420,5.2,7.4,.701,1.5,4.2,5.6,7.2,1.8,0.8,4.4,4.0,23.6,0.0,96,118
585,Grant Williams\willigr01,PF,23,BOS,77,21,1875,5.4,11.4,.475,2.8,6.8,.411,2.6,4.6,.569,2.3,2.5,.905,1.7,5.6,7.3,2.1,1.0,1.5,1.6,4.9,16.0,0.0,122,109
586,Kenrich Williams\willike04,SF,27,OKC,49,0,1072,6.6,14.4,.461,1.9,5.5,.339,4.8,8.9,.536,1.4,2.5,.545,3.4,6.6,10.0,4.9,2.0,0.5,2.1,3.7,16.5,0.0,111,113
587,Lou Williams\willilo02,PG,35,ATL,56,0,799,7.7,19.7,.391,2.3,6.3,.363,5.4,13.4,.404,4.1,4.8,.859,1.0,4.4,5.4,6.5,1.7,0.2,2.6,3.0,21.8,0.0,105,117
588,Patrick Williams\willipa01,PF,20,CHI,17,9,422,6.2,11.8,.529,1.7,3.4,.517,4.5,8.4,.534,3.5,4.7,.732,2.0,6.0,8.0,1.7,1.0,1.0,1.9,3.2,17.7,0.0,120,115
589,Robert Williams\williro04,C,24,BOS,61,61,1804,7.5,10.1,.736,0.0,0.0,.000,7.5,10.1,.738,1.8,2.5,.722,6.6,9.6,16.2,3.3,1.5,3.7,1.7,3.8,16.7,0.0,148,102
590,Ziaire Williams\willizi02,SF,20,MEM,62,31,1346,6.8,15.1,.450,2.7,8.6,.314,4.1,6.5,.632,1.5,2.0,.782,0.9,3.7,4.6,2.3,1.2,0.4,1.5,4.0,17.8,0.0,113,114
591,D.J. Wilson\wilsodj01,PF,25,TOR,4,1,54,10.2,13.9,.733,0.0,1.9,.000,10.2,12.0,.846,7.4,9.3,.800,0.9,13.9,14.8,4.6,4.6,0.9,1.9,5.6,27.8,0.0,149,100
592,Dylan Windler\windldy01,SF,25,CLE,50,0,459,4.0,10.7,.378,2.3,7.6,.300,1.7,3.0,.571,1.6,2.0,.833,2.3,7.4,9.7,3.7,1.5,0.3,1.7,5.1,12.0,0.0,110,110
593,Justise Winslow\winslju01,SF,25,TOT,48,11,774,7.0,16.2,.428,0.9,4.2,.227,6.0,12.1,.497,2.5,4.2,.591,3.2,9.6,12.8,5.3,2.2,1.6,3.1,4.2,17.3,0.0,100,109
594,Cassius Winston\winstca01,PG,23,WAS,7,0,39,5.1,14.0,.364,2.5,7.6,.333,2.5,6.3,.400,5.1,5.1,1.000,0.0,1.3,1.3,8.9,0.0,0.0,3.8,11.4,17.8,0.0,107,122
595,Christian Wood\woodch01,C,26,HOU,68,67,2094,10.0,20.0,.501,3.0,7.6,.390,7.0,12.3,.570,4.7,7.5,.623,2.5,13.1,15.6,3.5,1.2,1.5,2.9,3.9,27.7,0.0,114,113
596,Robert Woodard II\woodaro01,SF,22,SAC,12,0,42,2.3,18.3,.125,1.1,4.6,.250,1.1,13.7,.083,2.3,2.3,1.000,5.7,6.9,12.6,3.4,1.1,1.1,1.1,3.4,8.0,0.0,70,116
597,Delon Wright\wrighde01,SG,29,ATL,77,8,1452,4.1,9.1,.454,1.5,3.9,.379,2.6,5.2,.510,1.8,2.1,.857,1.7,5.8,7.4,6.4,3.1,0.6,1.5,1.9,11.6,0.0,126,112
598,McKinley Wright IV\wrighmc01,PG,23,MIN,5,0,19,5.0,7.5,.667,2.5,5.0,.500,2.5,2.5,1.000,0.0,0.0,0.0,0.0,0.0,0.0,7.5,0.0,0.0,2.5,2.5,12.5,0.0,138,121
599,Moses Wright\wrighmo01,PF,23,TOT,4,0,14,3.6,14.4,.250,0.0,3.6,.000,3.6,10.8,.333,10.8,10.8,1.000,3.6,7.2,10.8,7.2,0.0,3.6,0.0,0.0,17.9,0.0,126,109
600,Gabe York\yorkga01,SG,28,IND,2,0,21,4.7,16.3,.286,2.3,14.0,.167,2.3,2.3,1.000,7.0,11.7,.600,0.0,4.7,4.7,9.3,4.7,2.3,2.3,9.3,18.7,0.0,101,108
601,Thaddeus Young\youngth01,PF,33,TOT,52,1,845,8.2,15.8,.518,1.0,2.8,.354,7.2,13.0,.554,1.3,2.8,.469,4.6,7.4,12.1,6.0,3.1,1.0,3.0,4.7,18.7,0.0,113,108
602,Trae Young\youngtr01,PG,23,ATL,76,76,2652,13.2,28.6,.460,4.3,11.3,.382,8.9,17.3,.512,9.3,10.2,.904,0.9,4.3,5.3,13.7,1.3,0.1,5.6,2.4,39.9,0.0,119,118
603,Omer Yurtseven\yurtsom01,C,23,MIA,56,12,706,9.2,17.5,.526,0.1,0.8,.091,9.1,16.7,.547,2.7,4.3,.623,6.0,14.8,20.8,3.5,1.2,1.4,2.9,6.0,21.2,0.0,112,104
604,Cody Zeller\zelleco01,C,29,POR,27,0,355,7.0,12.4,.567,0.0,0.6,.000,7.0,11.8,.593,5.2,6.7,.776,6.9,10.3,17.2,3.0,1.1,0.8,2.6,7.7,19.3,0.0,127,116
605,Ivica Zubac\zubaciv01,C,24,LAC,76,76,1852,8.2,13.1,.626,0.0,0.0,0.0,8.2,13.1,.626,4.4,6.0,.727,5.7,11.3,17.0,3.2,1.0,2.0,3.0,5.4,20.8,0.0,126,107